ID,Yield,TestWt,FDK,DON,StripeRust
LA066,NA,NA,6.859459692,4.138802034,NA
NC071,NA,NA,7.803392591,7.505726681,NA
VA027,NA,NA,9.706823623,6.512142458,NA
AR074,72.09878665,58.10580336,10.63916616,6.673091079,1.740978684
VA009,73.26301277,57.23162447,10.77916616,7.383091079,1.368725173
VA107,NA,NA,11.03672592,8.539060014,NA
VA110,NA,NA,12.28672592,7.805726681,NA
GA171,NA,NA,12.75083282,6.483091079,NA
LA065,NA,NA,12.89877601,3.948802034,NA
SC007,62.72568566,57.51365556,13.18682362,4.858809125,1.415832342
AR075,58.04507466,57.92890087,13.19583282,5.713091079,1.368725173
MD021,NA,NA,13.19829965,1.524811955,NA
SC003,76.44438905,58.65699661,13.24015696,5.642142458,0.218687463
AR111,NA,NA,13.82940979,9.339060014,NA
GA147,NA,NA,13.99227893,7.731874345,NA
VA147,NA,NA,14.25133282,9.533091079,NA
AR108,NA,NA,14.75339259,7.505726681,NA
GA008,NA,NA,14.79949546,6.752717785,NA
VA012,NA,NA,14.86199949,8.933091079,NA
LA130,NA,NA,15.18600893,5.312842217,NA
MD012,NA,NA,15.44480043,3.692195456,NA
AR010,NA,NA,15.45339259,9.005726681,NA
VA146,70.11073256,58.13998085,15.46616213,7.002717785,0.704591261
LA131,NA,NA,15.57727324,4.502717785,NA
MD036,NA,NA,15.62015696,4.845475792,NA
AR107,NA,NA,16.26980043,3.968862123,NA
VA128,68.57397165,59.34505724,16.37644979,5.403991423,1.034710929
MO001,NA,NA,16.37844782,6.314594978,NA
VA005,NA,NA,16.38916616,7.883091079,NA
SC009,NA,NA,16.4587679,8.33451834,NA
VA145,72.23683381,58.89471527,16.46616213,6.002717785,0.474180488
NC081,NA,NA,16.92085036,5.919374345,NA
GA157,NA,NA,16.9637075,4.956874345,NA
NC003,NA,NA,16.98313376,6.292195456,NA
GA138,NA,NA,17.20656465,6.081874345,NA
GA084,NA,NA,17.22813376,11.49219546,NA
GA176,79.10429466,58.24140087,17.27799949,10.08309108,1.368725173
MD024,NA,NA,17.45339259,7.139060014,NA
LA108,NA,NA,17.52916616,6.883091079,NA
VA007,72.78918996,57.0858868,17.79992811,7.391293263,3.368725173
VA008,67.91350415,59.01007752,18.35505102,6.502717785,2.250656167
NC079,62.95962552,59.144334,18.37730357,3.931901689,2.543240304
AR066,59.98694216,58.45390087,18.61199949,7.783091079,1.368725173
LA109,70.02738228,58.13453127,18.79992811,7.05795993,3.289288169
MD011,NA,NA,18.90646709,7.125528789,NA
NC083,62.20538722,57.81939969,19.09462274,7.460455068,4.218064783
GA149,NA,NA,19.16749949,9.583091079,NA
MD023,NA,NA,19.25339259,7.339060014,NA
AR110,NA,NA,19.28829965,8.624811955,NA
MO002,NA,NA,19.45895777,7.092036838,NA
AR106,NA,NA,19.53146709,3.342195456,NA
VA002,67.38130292,54.38552594,19.57799322,9.969374345,0.376578309
AR109,NA,NA,19.62163299,7.774811955,NA
NC103,72.63684214,58.33132347,19.86079178,6.576663733,0.642880749
VA020,70.55809747,56.217591,19.87682362,6.472142458,2.658305127
LA141,67.57581466,57.36640087,19.91749949,6.833091079,1.368725173
MD010,NA,NA,20.06146709,6.008862123,NA
SC019,70.53493829,57.54704907,20.12125371,3.620608987,1.195668521
NC118,62.23507549,57.64380308,20.14345742,8.064401689,3.812838155
NC088,NA,NA,20.22249949,7.833091079,NA
VA113,NA,NA,20.23502122,7.078991423,NA
GA006,NA,NA,20.367016,6.002717785,NA
VA034,NA,NA,20.40534148,6.313897303,NA
VA084,67.58864352,56.21963645,20.41772862,7.302241502,0.754040253
MD018,NA,NA,20.45339259,9.905726681,NA
VA010,67.16384373,53.7427014,20.62342259,6.98801239,2.368725173
NC106,NA,NA,20.70656465,9.119374345,NA
VA148,76.32369587,56.44594588,20.79992811,9.724626596,0.266188959
AR070,68.45608127,58.04474826,20.80583282,9.433091079,1.4421957
LA111,NA,NA,21.19466616,8.033091079,NA
AR073,63.23549312,58.17012644,21.22849953,10.7246266,0.185361173
LA140,NA,NA,21.54787837,10.04149142,NA
LA138,78.49038515,57.29882638,21.79992811,9.391293263,1.368725173
GA161,65.50715466,57.41640087,21.83366616,8.133091079,1.368725173
VA079,58.19707706,56.59503042,21.85646709,6.642195456,0.754040253
VA019,74.89798384,58.16951545,21.94278525,9.724626596,1.838937856
LA052,NA,NA,21.99620953,3.988415064,NA
LA127,75.38401408,57.65716073,22.02171769,10.25271779,0.243769716
AR072,74.30364591,58.37890087,22.08366616,10.03309108,1.368725173
NC086,NA,NA,22.10502122,7.028991423,NA
GA150,NA,NA,22.10656465,6.856874345,NA
GA148,61.70480523,59.76022946,22.22085036,8.256874345,0.376578309
NC111,NA,NA,22.48829965,4.849811955,NA
SC011,NA,NA,22.4887679,9.017851674,NA
VA062,58.07738131,56.49276012,22.5929717,5.155551812,3.952996795
MD016,NA,NA,22.61313376,3.992195456,NA
NC102,71.12803443,58.95928443,22.69008823,10.76751832,0.365533913
VA144,72.98294326,58.37284802,22.79949546,9.002717785,1.181541559
AR065,64.76120118,56.94967477,22.79992811,9.724626596,1.368725173
GA088,NA,NA,23.05272862,9.718908169,NA
LA104,NA,NA,23.24942179,6.694374345,NA
AR112,NA,NA,23.28672592,9.305726681,NA
AR071,72.01451091,58.86640087,23.52866616,9.333091079,1.368725173
MD045,NA,NA,23.58125371,6.850608987,NA
GA007,69.12967979,55.06599375,23.617016,5.502717785,1.368725173
GA005,NA,NA,23.617016,11.50271779,NA
VA060,67.93405902,56.28373712,23.69813376,7.675528789,-0.075700315
MD022,NA,NA,23.75522862,1.268908169,NA
LA039,NA,NA,23.90980043,10.37552879,NA
AR011,NA,NA,23.95496632,7.849811955,NA
MD043,NA,NA,23.99015696,7.988809125,NA
VA083,67.39461143,56.38513108,24.11022862,7.102241502,0.754040253
NC044,63.47073116,56.93907214,24.11522862,11.28557484,0.754040253
MD051,NA,NA,24.36268228,4.870608987,NA
LA142,NA,NA,24.46616213,8.002717785,NA
VA151,75.00436879,56.81163737,24.51421382,11.39129326,-0.261524907
NC082,67.54340464,58.08645288,24.67442259,9.54601239,0.376578309
VA078,NA,NA,24.77480043,7.142195456,NA
VA054,67.35237881,57.24740306,24.80146709,7.675528789,0.351636441
MD017,NA,NA,24.83672592,10.23906001,NA
VA016,NA,NA,24.89033282,12.13309108,NA
SC043,74.79452655,56.81186093,24.94278525,10.39129326,-0.040190404
LA121,73.57877737,61.42498756,25.08650606,4.899997066,-0.396904366
GA085,NA,NA,25.12146709,12.99219546,NA
NC084,NA,NA,25.22502122,7.966491423,NA
VA094,61.22983726,56.51164709,25.24393991,9.252717785,1.070953013
SC002,59.51840245,58.01896721,25.35936321,6.038330399,4.355936124
NC116,NA,NA,25.42005926,7.872393347,NA
LA038,NA,NA,25.44480043,10.22552879,NA
MD031,NA,NA,25.44940979,8.439060014,NA
LA086,NA,NA,25.54942179,10.86937434,NA
GA174,NA,NA,25.55022862,3.353090911,NA
NC076,NA,NA,25.56496632,4.824811955,NA
GA180,NA,NA,25.63672592,10.57239335,NA
NC115,NA,NA,25.65022862,4.418908169,NA
LA107,NA,NA,25.65707096,7.05795993,NA
GA116,NA,NA,25.67930694,10.14149142,NA
LA075,65.01427716,58.1780109,25.72005926,8.839060014,1.867243652
LA051,NA,NA,25.72954286,6.213415064,NA
VA026,77.09304574,58.58604287,25.75682362,6.388809125,1.158305127
LA128,72.73227275,57.63285866,25.94278525,12.05795993,1.368725173
VA077,NA,NA,26.01313376,6.908862123,NA
NC056,56.12514748,57.51280258,26.06407124,3.886567475,1.200576985
LA117,NA,NA,26.13513607,9.119374345,NA
NC061,NA,NA,26.22772862,2.902241502,NA
NC023,NA,NA,26.25813376,9.758862123,NA
SC010,NA,NA,26.3287679,7.847851674,NA
AR114,NA,NA,26.33513607,12.31937434,NA
VA090,NA,NA,26.36522862,6.185574836,NA
MD035,NA,NA,26.40349029,9.272142458,NA
NC107,72.1525395,57.12658002,26.5262679,9.101185007,2.262353054
NC108,78.43071584,58.22781032,26.5312679,11.53451834,4.158305127
MD020,NA,NA,26.67772862,-0.347758498,NA
VA076,66.02267522,55.73387613,26.72522862,3.852241502,1.853518524
GA175,NA,NA,26.72772862,2.353090911,NA
GA153,NA,NA,26.92085036,6.344374345,NA
NC114,NA,NA,27.01522862,2.202241502,NA
GA177,NA,NA,27.03672592,7.272393347,NA
MD047,NA,NA,27.04744418,2.837275654,NA
GA173,NA,NA,27.11772862,1.828090911,NA
SC008,NA,NA,27.2237679,8.59451834,NA
MD025,NA,NA,27.42329965,7.274811955,NA
AR026,56.02709124,56.11511972,27.57163299,6.274811955,2.200576985
VA089,57.0548675,57.19290121,27.59272862,3.552241502,8.452996795
LA125,73.48504158,56.64857419,27.63966616,10.93309108,0.110101048
GA127,NA,NA,27.64502122,11.90399142,NA
GA115,NA,NA,27.65787837,12.05399142,NA
VA018,82.66977217,56.93813525,27.77866616,12.13309108,1.368725173
GA083,NA,NA,27.7799717,25.81388515,NA
MD014,NA,NA,27.886127,10.21231742,NA
NC080,65.54229467,58.4745979,27.99930694,10.46649142,6.741371567
LA139,65.31147165,56.59505724,28.03807281,4.270651689,0.735316441
AR069,69.57491482,56.42311666,28.22849953,11.05795993,-0.126419813
AR018,NA,NA,28.38672592,10.77239335,NA
NC045,63.24435231,57.03595042,28.49272862,23.9022415,0.754040253
MD052,NA,NA,28.53934895,9.203942321,NA
VA141,82.86716978,55.14835519,28.6637075,12.55687434,0.376578309
VA037,NA,NA,28.77980043,7.758862123,NA
LA136,74.88992878,59.62424381,28.90793464,7.349997066,0.477622219
VA155,59.56726112,52.77136249,28.94349029,8.488809125,1.158305127
AR058,NA,NA,29.27799322,14.66937434,NA
AR037,62.61181078,58.07535335,29.57163299,12.07481196,1.867243652
SC039,69.78418706,56.22420236,29.77682362,11.91880913,1.158305127
LA085,71.56915323,57.74984052,29.84502122,8.489700686,0.486371294
GA074,NA,NA,29.85450697,13.54002458,NA
GA081,NA,NA,29.87022862,1.918908169,NA
NC113,NA,NA,30.13829965,6.949811955,NA
VA153,82.77541251,55.51182353,30.17315847,6.403942321,1.018764294
MD019,NA,NA,30.44940979,10.33906001,NA
VA152,66.54136488,54.34425886,30.51421382,11.39129326,4.330833035
AR019,NA,NA,30.65496632,6.424811955,NA
AR057,NA,NA,30.69227893,14.65687434,NA
AR046,63.42449389,55.92088209,30.70930694,13.27899142,0.446807792
GA094,NA,NA,30.95496632,11.97481196,NA
GA009,NA,NA,30.992016,8.252717785,NA
AR115,NA,NA,31.09227893,9.444374345,NA
GA114,NA,NA,31.11216408,12.00399142,NA
GA095,NA,NA,31.18829965,9.274811955,NA
NC098,65.0412176,54.83172077,31.22849953,8.391293263,6.095278145
MD030,NA,NA,31.23496632,6.074811955,NA
LA063,NA,NA,31.27272862,7.568908169,NA
VA117,61.75215387,56.19039806,31.50496632,10.04981196,NA
GA113,NA,NA,31.79359265,11.64149142,NA
VA001,76.80536968,55.45543735,31.89227893,13.03187434,0.376578309
AR045,67.95372972,54.58017728,31.99073551,11.14149142,0.747759835
LA034,NA,NA,32.03813376,14.54219546,NA
MD046,NA,NA,32.06411085,9.337275654,NA
VA111,NA,NA,32.22005926,9.372393347,NA
NC089,66.62915981,57.06736024,32.35505102,13.25271779,7.304760784
MD029,NA,NA,32.3737679,11.75785167,NA
MD013,NA,NA,32.39272862,6.768908169,NA
GA172,NA,NA,32.51421382,11.7246266,NA
NC105,53.24833583,53.89823217,32.63513607,13.14437434,8.227441966
VA055,66.19887937,55.08988317,32.69146709,13.67552879,0.496962928
LA069,NA,NA,32.74772862,6.018908169,NA
VA137,62.67736444,54.14589612,32.77799322,14.19437434,5.376578309
AR059,NA,NA,32.87799322,16.64437434,NA
GA087,NA,NA,33.16272862,7.802241502,NA
GA124,NA,NA,33.28644979,9.766491423,NA
GA092,NA,NA,33.38672592,10.37239335,NA
AR016,62.63276443,55.91060952,33.47005926,8.205726681,0.952996795
VA092,63.70294457,58.49263845,33.62163299,9.324811955,0.200576985
GA091,NA,NA,34.05339259,9.939060014,NA
GA086,NA,NA,34.07163299,12.14981196,NA
LA064,58.45359383,54.6226574,34.12005926,10.63906001,-0.034196196
GA100,NA,NA,34.13996632,18.72481196,NA
VA100,69.24345103,59.13135687,34.40496632,6.124811955,0.200576985
MD050,NA,NA,34.46220609,17.88727565,NA
MD015,NA,NA,34.63980043,12.07552879,NA
SC021,NA,NA,34.65707096,13.7246266,NA
LA040,NA,NA,34.98480043,6.225528789,NA
LA061,NA,NA,35.02522862,11.38841506,NA
GA160,74.7384004,57.58354999,35.13916616,10.73309108,0.23692314
VA052,NA,NA,35.34930694,8.578991423,NA
NC087,62.1993478,56.51995535,35.35505102,11.25271779,3.749760784
LA070,NA,NA,35.47272862,13.9022415,NA
VA114,NA,NA,35.48216408,9.566491423,NA
VA116,56.00928318,54.85629736,35.93829965,11.09981196,NA
VA143,NA,NA,36.3637075,19.91937434,NA
SC040,NA,NA,36.37135668,13.7246266,NA
AR105,NA,NA,36.79949546,17.25271779,NA
VA025,82.60456386,55.37040377,36.82601561,11.92060899,1.018764294
VA115,NA,NA,36.83829965,13.67481196,NA
VA085,64.57956369,59.09167884,36.97005926,10.00572668,0.200576985
VA095,60.88054677,54.68602862,37.01502122,16.85399142,1.200576985
MD040,71.85050228,53.97890002,37.35682362,6.368809125,1.158305127
GA075,NA,NA,37.43980043,23.60886212,NA
MD048,NA,NA,37.64363466,9.500608987,NA
LA062,57.8719227,55.99295169,37.66772862,4.735574836,-0.034196196
GA126,NA,NA,37.74930694,16.72899142,NA
MD028,NA,NA,37.7612679,9.797851674,NA
VA108,NA,NA,37.97005926,11.63906001,NA
NC019,NA,NA,37.99480043,17.07552879,NA
LA116,NA,NA,38.22085036,10.45687434,NA
LA041,NA,NA,38.42146709,6.858862123,NA
VA015,78.82201201,56.63754896,38.51421382,15.7246266,1.368725173
GA082,NA,NA,38.52522862,8.152241502,NA
NC110,60.55599614,57.62432406,38.87005926,10.37239335,3.200576985
NC021,NA,NA,39.34313376,16.90886212,NA
GA093,NA,NA,39.45339259,9.972393347,NA
VA096,71.77791523,56.19365486,39.50496632,10.24981196,2.200576985
GA101,NA,NA,39.70496632,18.89981196,NA
GA178,NA,NA,39.75339259,12.20572668,NA
LA077,NA,NA,40.02646709,17.57552879,NA
LA076,68.17514285,58.12263453,40.97502122,12.89679846,0.495497976
AR023,NA,NA,41.03672592,8.572393347,NA
VA109,NA,NA,41.25339259,11.23906001,NA
MD037,NA,NA,41.47015696,7.238809125,NA
NC018,NA,NA,41.65980043,16.37552879,NA
GA090,NA,NA,41.67005926,9.872393347,NA
MD049,NA,NA,41.75458704,8.300608987,NA
NC112,NA,NA,41.92940979,11.10572668,NA
VA112,NA,NA,41.97163299,19.69981196,NA
NC051,62.17647177,57.65291381,42.55339259,12.53906001,2.452996795
GA152,NA,NA,42.62085036,14.60687434,NA
NC020,NA,NA,42.76813376,21.52552879,NA
LA091,NA,NA,42.80073551,19.76649142,NA
MD003,NA,NA,42.8762679,17.62785167,NA
GA057,NA,NA,42.92813376,13.24219546,NA
VA101,64.98490815,56.86137582,42.98829965,8.674811955,0.533910319
TX019,NA,NA,43.20015696,17.34547579,NA
VA087,NA,NA,43.47005926,12.20572668,NA
VA121,69.66651708,55.87655813,43.73359265,11.85399142,NA
GA110,NA,NA,44.27163299,17.52481196,NA
VA086,64.77320314,57.76792883,44.97005926,9.539060014,0.533910319
VA105,72.20161532,54.36302626,46.05930694,10.20399142,NA
LA115,NA,NA,48.1637075,14.03187434,NA
NC059,NA,NA,48.45339259,13.27239335,NA
LA100,60.04813856,57.41022946,49.20656465,11.36937434,0.376578309
NC017,NA,NA,49.90646709,19.24219546,NA
VA123,72.83055424,55.84589456,51.02787837,16.65399142,NA
LA042,NA,NA,51.04480043,26.65886212,NA
LA112,NA,NA,51.242016,23.25271779,NA
NC022,NA,NA,51.41646709,20.89219546,NA
GA072,NA,NA,51.53829965,17.39981196,NA
GA112,NA,NA,53.18829965,26.29981196,NA
GA073,NA,NA,53.25146709,39.14219546,NA
GA071,NA,NA,53.45339259,12.80572668,NA
MD032,NA,NA,56.1637679,10.55451834,NA
GA056,NA,NA,58.22980043,35.49219546,NA
GA133,NA,NA,58.72085036,22.19437434,NA
LA145,NA,NA,59.03955893,19.43647584,NA
NC119,NA,NA,61.51480043,54.65886212,NA
MD027,NA,NA,61.8212679,16.89451834,NA
MD026,NA,NA,66.1237679,12.62118501,NA
VA154,78.43821284,54.7646143,67.6987679,20.71785167,1.158305127
GA181,69.14800404,56.5436249,68.06106085,27.53126347,1.040732446
SC020,72.81900263,57.22848613,NA,NA,-0.490164296
VA150,79.24691258,56.07269453,NA,NA,-0.313488404
VA149,76.67557583,57.02494961,NA,NA,-0.282310306
TX018,74.75067853,59.67006531,NA,NA,-0.271430951
TX020,76.99892456,60.25898181,NA,NA,-0.271430951
TX023,84.67251535,58.52144631,NA,NA,-0.271430951
SC001,84.2122917,61.28677931,NA,NA,-0.271430951
TX022,79.76562875,59.21036281,NA,NA,-0.209641073
LA120,73.15084413,58.00687888,NA,NA,-0.199168709
AR089,57.05343285,56.04495694,NA,NA,-0.198184864
AR098,57.06604216,57.46127092,NA,NA,-0.198184864
GA011,70.81049102,57.26452769,NA,NA,-0.198184864
GA013,66.41205113,56.89416899,NA,NA,-0.198184864
GA022,61.83515135,55.15573286,NA,NA,-0.198184864
GA023,63.11496028,57.63737027,NA,NA,-0.198184864
GA024,63.32930838,57.58708511,NA,NA,-0.198184864
GA028,67.02128597,58.75254361,NA,NA,-0.198184864
GA036,64.50964336,57.7965178,NA,NA,-0.198184864
GA037,66.43201476,57.37382532,NA,NA,-0.198184864
GA170,57.92845791,57.10991265,NA,NA,-0.198184864
LA001,53.38161304,55.24643523,NA,NA,-0.198184864
LA010,63.0262876,56.16707909,NA,NA,-0.198184864
LA012,62.44022728,55.65210835,NA,NA,-0.198184864
LA016,67.44233664,57.33317544,NA,NA,-0.198184864
LA021,66.99156328,56.89672039,NA,NA,-0.198184864
LA025,61.4641039,54.13878103,NA,NA,-0.198184864
NC005,57.49233663,56.89091221,NA,NA,-0.198184864
NC013,55.31581104,56.55183823,NA,NA,-0.198184864
TX017,70.14623612,61.13748756,NA,NA,-0.145957536
TX021,76.2790145,58.58263631,NA,NA,-0.145957536
AR004,62.42996167,57.87565083,NA,NA,-0.075700315
AR008,62.190891,56.05753803,NA,NA,-0.075700315
AR099,55.28593163,57.61403357,NA,NA,-0.075700315
GA014,61.48798947,56.5050314,NA,NA,-0.075700315
LA023,60.77779469,55.48476146,NA,NA,-0.075700315
VA061,66.23504851,57.85947826,NA,NA,-0.075700315
VA069,70.97411188,57.46483333,NA,14.45741255,-0.025922258
NC091,71.79744521,55.96733333,NA,16.11840735,-0.025922258
LA092,78.98744521,58.4015,NA,20.60741255,-0.025922258
VA066,72.34911188,55.76319855,NA,NA,-0.025922258
VA021,78.89920716,58.97305198,NA,NA,-0.024806628
GA151,78.35049235,58.07490574,NA,NA,-0.022492817
SC006,76.66308376,62.02595047,NA,NA,-0.022377781
FL013,70.46733122,57.43803039,NA,NA,0.013358943
VA022,74.29877117,56.02610689,NA,NA,0.013919595
LA135,62.79830019,55.24668177,NA,NA,0.022240007
LA137,79.03276672,61.37448067,NA,NA,0.103095634
GA166,72.23201061,60.06245206,NA,NA,0.103095634
LA132,77.75945321,60.24985264,NA,NA,0.164885512
AR027,62.99182143,55.7031435,NA,NA,0.200576985
FL009,60.75687018,55.60181772,NA,NA,0.200576985
LA067,55.48518454,55.88893895,NA,NA,0.200576985
VA104,61.77174013,56.85558668,NA,NA,0.200576985
FL015,62.92370304,54.99977717,NA,NA,0.2092081
AR006,62.94823286,54.39387209,NA,NA,0.210631306
AR009,60.21972956,53.27155346,NA,NA,0.210631306
AR085,62.53559782,57.05651368,NA,NA,0.210631306
GA039,66.60929883,56.64637872,NA,NA,0.210631306
LA004,65.07061973,56.11597381,NA,NA,0.210631306
FL026,72.82211742,57.60332985,NA,NA,0.21929075
GA140,71.66795374,58.68200403,NA,NA,0.21929075
NC099,68.98056621,54.48488028,NA,NA,0.21929075
VA033,75.2464714,56.43374931,NA,NA,0.222514712
GA156,57.17264569,57.30746032,NA,NA,0.238399541
NC093,64.11194966,57.60463824,NA,NA,0.242416694
LA030,60.36855174,57.07062699,NA,NA,0.254040253
LA045,53.47210163,55.77891903,NA,NA,0.254040253
NC104,74.86184552,57.61587127,NA,NA,0.262353054
TX015,76.11308383,57.87652649,NA,NA,0.270237417
GA047,69.72005928,59.40868886,NA,NA,0.27337436
VA067,72.5558109,56.24809953,NA,17.46840735,0.274499922
VA042,69.61880334,57.62252532,NA,22.29340735,0.274499922
VA135,71.95926327,58.97697756,NA,27.66840735,0.274499922
FL025,72.50591401,57.7178699,NA,NA,0.274499922
GA098,75.92358528,58.51427772,NA,NA,0.274499922
LA088,65.65579841,58.44116942,NA,NA,0.274499922
LA094,77.39791392,58.62696867,NA,NA,0.274499922
LA105,60.55176639,60.13823152,NA,NA,0.274499922
LA106,73.0935799,59.12952628,NA,NA,0.274499922
LA058,62.29670012,58.00760704,NA,NA,0.29837436
AR077,58.92524493,57.53183221,NA,NA,0.301815136
AR100,51.54931262,55.75063006,NA,NA,0.301815136
AR101,58.369828,56.09262317,NA,NA,0.301815136
NC025,56.30003292,55.48020382,NA,NA,0.301815136
SC015,57.79884886,56.50027737,NA,NA,0.301815136
NC038,60.50458605,55.15503265,NA,NA,0.306662015
TX013,70.44982716,55.87649216,NA,NA,0.322727923
LA072,67.0807407,58.22896789,NA,NA,0.33587436
LA078,66.17941544,56.58449838,NA,NA,0.33587436
LA007,69.72918769,57.78875038,NA,NA,0.351636441
VA068,72.30393068,54.96710391,NA,29.46840735,0.365533913
GA117,64.31167866,60.47711168,NA,NA,0.365533913
VA003,78.62323565,55.96028316,NA,NA,0.376578309
AR051,60.72929832,55.00722544,NA,NA,0.376578309
AR053,67.16885479,56.68103627,NA,NA,0.376578309
AR054,75.39176801,56.4152467,NA,NA,0.376578309
AR056,56.52151097,58.7926075,NA,NA,0.376578309
AR060,75.89035436,55.61018041,NA,NA,0.376578309
AR062,74.61511763,57.65155219,NA,NA,0.376578309
LA089,72.31506393,56.21721635,NA,NA,0.376578309
LA097,59.09430218,56.10350841,NA,NA,0.376578309
LA113,72.88886797,59.82693448,NA,NA,0.376578309
NC100,64.75680596,54.89358156,NA,NA,0.376578309
TX011,65.54986565,55.80726814,NA,NA,0.376578309
TX012,74.58144899,55.57215493,NA,NA,0.376578309
TX016,67.68082227,55.79354738,NA,NA,0.376578309
VA136,71.07131524,55.82723251,NA,NA,0.376578309
GA167,75.80931282,60.46245206,NA,NA,0.415832342
TX007,69.34056002,55.73526426,NA,NA,0.443206214
FL014,64.59845646,56.76560041,NA,NA,0.443553662
GA080,72.52501692,57.20268036,NA,NA,0.448789135
AR013,58.16587487,57.29629134,NA,NA,0.452996795
AR020,57.62546834,56.19044538,NA,NA,0.452996795
AR024,58.92829394,56.43322948,NA,NA,0.452996795
AR025,54.52735927,56.12416383,NA,NA,0.452996795
FL008,57.44793447,54.40428376,NA,NA,0.452996795
GA053,68.86548148,56.71806532,NA,NA,0.452996795
GA058,74.02560841,57.42224462,NA,NA,0.452996795
GA059,74.5188016,57.88208679,NA,NA,0.452996795
GA060,69.19982112,57.58757732,NA,NA,0.452996795
GA061,70.41995204,55.68160698,NA,NA,0.452996795
GA062,67.0107806,57.90374714,NA,NA,0.452996795
GA065,69.70312648,56.31908174,NA,NA,0.452996795
GA067,70.87680973,56.92283805,NA,NA,0.452996795
GA070,70.06449598,58.02385447,NA,NA,0.452996795
GA076,65.62891085,56.05387342,NA,NA,0.452996795
GA077,67.89655004,55.05880214,NA,NA,0.452996795
LA035,52.50284102,55.88256659,NA,NA,0.452996795
LA049,64.27973905,56.09114742,NA,NA,0.452996795
LA060,63.29782629,59.45458047,NA,NA,0.452996795
LA068,69.64336643,57.64342517,NA,NA,0.452996795
LA071,58.90374696,55.43800221,NA,NA,0.452996795
LA074,64.25431763,55.51586205,NA,NA,0.452996795
NC053,61.87539577,58.35912595,NA,NA,0.452996795
VA082,67.51101626,56.83184688,NA,NA,0.452996795
GA129,72.05680632,60.93379492,NA,NA,0.456567904
GA103,69.72327855,58.919,NA,NA,0.474077742
FL028,66.18802811,57.17907148,NA,NA,0.477111765
TX006,68.4406232,55.85850312,NA,NA,0.486371294
GA106,66.46957759,57.42507766,NA,NA,0.491766483
GA015,61.50938686,57.24945174,NA,NA,0.496962928
LA095,68.00205579,57.05657463,NA,NA,0.504394335
AR047,68.33276806,57.83367554,NA,NA,0.507953834
GA097,69.00607876,58.04536849,NA,NA,0.52337436
GA051,69.44184384,58.33982909,NA,NA,0.533910319
GA118,72.23709079,55.53703239,NA,NA,0.533910319
GA121,64.35537065,57.39789097,NA,NA,0.533910319
NC049,59.34834713,56.30802985,NA,NA,0.533910319
NC070,64.47280138,57.11489223,NA,NA,0.533910319
TX009,68.66916834,57.06492218,NA,NA,0.546322794
LA084,65.635944,55.8336426,NA,NA,0.566710792
VA134,72.01077855,55.03066666,NA,NA,0.572866717
GA079,62.75253777,56.52280494,NA,NA,0.591766483
FL029,62.35141207,57.75395195,NA,NA,0.604085363
GA145,74.25662392,57.41501714,NA,NA,0.604085363
GA102,74.55428135,58.8456966,NA,NA,0.606274294
TX008,70.25950648,55.95195027,NA,NA,0.626662292
LA006,61.2533197,55.20902031,NA,NA,0.637968063
NC032,62.4407241,58.47759107,NA,NA,0.637968063
LA093,69.74526475,58.58742361,NA,NA,0.638635885
LA102,55.26946647,54.53535773,NA,NA,0.638635885
VA139,62.2158559,56.56541289,NA,NA,0.638635885
GA183,63.55252688,54.81040649,NA,NA,0.676175593
TX002,66.56273641,59.71280653,NA,NA,0.679199907
TX004,69.90814036,59.01429175,NA,NA,0.679199907
GA120,72.04408561,55.38414274,NA,NA,0.686613793
SC041,73.00129976,57.8760422,NA,NA,0.689975829
AR094,42.33841703,54.66101561,NA,NA,0.690631532
NC077,68.99843123,56.75075586,NA,NA,0.690720446
GA107,71.69562452,56.6081323,NA,NA,0.702240985
FL027,65.52417138,58.13801487,NA,NA,0.729669875
LA087,66.64897165,58.0117239,NA,22.60741255,0.735316441
TX025,75.62150983,55.94505724,NA,NA,0.735316441
VA124,73.44897165,57.99505724,NA,NA,0.735316441
TX001,65.97422897,57.11300241,NA,NA,0.7368026
GA109,69.55668187,56.82779436,NA,NA,0.741766483
GA026,64.32744418,56.87623257,NA,NA,0.754040253
GA040,68.62946505,55.91204978,NA,NA,0.754040253
GA041,69.13569243,56.1750244,NA,NA,0.754040253
GA042,53.00252035,56.94857236,NA,NA,0.754040253
GA044,66.58453587,56.75424548,NA,NA,0.754040253
GA046,65.90002194,58.07368117,NA,NA,0.754040253
GA049,57.45555787,56.15800505,NA,NA,0.754040253
GA050,61.25660126,53.22275816,NA,NA,0.754040253
GA078,70.7048602,56.44276418,NA,NA,0.754040253
LA029,62.39110276,58.50459817,NA,NA,0.754040253
LA031,59.02428106,56.37750827,NA,NA,0.754040253
LA033,60.45871477,56.35169408,NA,NA,0.754040253
LA037,63.29076325,55.70701451,NA,NA,0.754040253
LA043,52.84771503,56.72020677,NA,NA,0.754040253
LA044,58.59870683,53.53225838,NA,NA,0.754040253
LA047,56.07198225,57.78764634,NA,NA,0.754040253
LA050,61.56442656,56.4957358,NA,NA,0.754040253
LA053,63.87324388,54.68744375,NA,NA,0.754040253
NC046,58.52263886,56.39878999,NA,NA,0.754040253
VA081,64.27037301,57.16743774,NA,NA,0.754040253
AR001,61.6595932,55.35344066,NA,NA,0.778973198
FL007,65.08128496,58.87872386,NA,NA,0.783294549
AR083,59.53355588,56.8614735,NA,NA,0.801815136
GA012,71.8728079,57.63884856,NA,NA,0.801815136
GA032,66.27491182,57.3977935,NA,NA,0.801815136
SC045,63.25205276,56.42736726,NA,NA,0.801815136
SC049,60.17225449,55.17657931,NA,NA,0.801815136
SC050,57.24683624,55.88537415,NA,NA,0.801815136
FL024,68.4046343,59.86640095,NA,NA,0.820703866
GA004,67.18853807,56.77697822,NA,NA,0.821703641
AR117,67.11945969,57.07891756,NA,NA,0.833742675
LA098,74.07316513,59.62750446,NA,NA,0.843729815
GA096,64.64320915,56.16374953,NA,NA,0.867243652
LA073,54.06222514,59.10254522,NA,NA,0.867243652
LA123,63.66481621,55.23933077,NA,NA,0.918881903
FL021,71.63750656,57.45216044,NA,NA,0.919879528
GA105,68.45164946,57.92861769,NA,NA,0.921131218
SC022,64.3942095,58.16634877,NA,NA,0.921867401
AR003,58.12517837,54.88670169,NA,NA,0.924299685
GA111,73.12573327,54.6809737,NA,NA,0.932651757
GA155,70.42624465,56.6682288,NA,NA,0.939400618
AR012,63.74386988,56.13066003,NA,NA,0.952996795
LA054,64.66525813,56.06824841,NA,NA,0.952996795
SC025,58.62101815,54.70645489,NA,NA,0.952996795
SC026,64.78789017,54.24331155,NA,NA,0.952996795
SC027,61.65020698,54.69778756,NA,NA,0.952996795
SC028,68.90494695,56.28781912,NA,NA,0.952996795
GA141,70.55346843,58.73741533,NA,NA,0.963799714
TX005,65.93026466,55.8615261,NA,NA,0.986371294
GA123,74.72335861,58.92369701,NA,NA,1.010913519
VA023,76.61344411,57.31408313,NA,NA,1.018764294
AR103,72.04294281,57.31635586,NA,NA,1.018764294
FL030,75.68144811,57.39330325,NA,NA,1.018764294
LA122,69.59652859,58.16020366,NA,NA,1.018764294
MD004,77.12560828,55.48604682,NA,NA,1.018764294
MD005,76.2871334,56.0312042,NA,NA,1.018764294
MD007,67.82965733,58.2568151,NA,NA,1.018764294
MD008,77.05835539,55.46623138,NA,NA,1.018764294
MD009,64.82423396,56.97520513,NA,NA,1.018764294
LA103,71.54840489,57.74381541,NA,NA,1.029479074
AR104,71.81147165,57.82839057,NA,NA,1.034710929
TX024,71.0655768,56.59505724,NA,NA,1.034710929
FL010,70.08453085,59.86206404,NA,NA,1.039412097
AR002,67.04115685,58.93225483,NA,NA,1.06530482
AR082,66.73419817,59.18783448,NA,NA,1.06530482
SC004,80.48007594,60.95696356,NA,NA,1.103095634
TX026,77.10805976,58.53429107,NA,NA,1.138190521
GA069,66.96517825,57.21380823,NA,NA,1.140021452
VA140,62.99597589,56.60187463,NA,NA,1.149292675
LA134,76.93621853,58.1137675,NA,NA,1.158305127
SC038,73.69381319,57.83376649,NA,NA,1.158305127
MD038,55.48982126,55.1646143,NA,NA,1.158305127
MD039,69.80028546,55.14879638,NA,NA,1.158305127
MD041,71.06675018,50.94139595,NA,NA,1.158305127
MD044,57.31597974,54.82472928,NA,NA,1.158305127
GA164,71.85140104,58.75476781,NA,NA,1.164885512
GA165,71.14043311,59.29233881,NA,NA,1.164885512
SC005,72.45398106,60.53674381,NA,NA,1.166779172
VA044,73.54281256,55.38817559,NA,NA,1.174683255
LA081,71.61735225,57.69679333,NA,NA,1.187808335
AR035,54.23882967,55.2459276,NA,NA,1.200576985
GA055,64.77520205,57.77897051,NA,NA,1.200576985
GA063,65.81018894,58.7266017,NA,NA,1.200576985
GA064,65.04899504,59.12014476,NA,NA,1.200576985
GA066,69.04012646,57.56448189,NA,NA,1.200576985
GA068,71.59999562,56.30469654,NA,NA,1.200576985
GA119,73.83563345,55.44971984,NA,NA,1.205789297
LA026,63.56908094,57.03031459,NA,NA,1.210631306
NC037,58.08324849,57.71311768,NA,NA,1.210631306
SC054,61.25323167,56.26255129,NA,NA,1.210631306
AR061,66.64665325,58.83420291,NA,NA,1.225319606
VA138,68.53821892,57.31310151,NA,NA,1.225319606
GA045,68.00751905,57.94729666,NA,NA,1.254040253
VA074,66.11916297,55.64679387,NA,NA,1.254040253
VA080,55.7496619,56.82205278,NA,NA,1.254040253
TX010,61.94779619,55.47305675,NA,NA,1.286128795
AR079,54.03966131,55.93552425,NA,NA,1.301815136
GA108,72.76733171,56.09181926,NA,NA,1.334105416
VA126,77.14897165,55.79505724,NA,NA,1.334105416
LA028,68.3206986,59.15640524,NA,NA,1.351636441
VA058,65.56548429,56.95548934,NA,NA,1.351636441
NC073,68.26739904,57.4992801,NA,NA,1.353193562
VA004,78.8908998,56.23637639,NA,NA,1.368725173
VA013,85.57896363,56.39499629,NA,NA,1.368725173
VA017,65.38026466,54.52653365,NA,NA,1.368725173
AR067,59.82565338,56.34452233,NA,NA,1.368725173
AR068,72.58452405,56.42536108,NA,NA,1.368725173
GA158,67.48052517,55.67334011,NA,NA,1.368725173
GA163,67.350382,57.39413608,NA,NA,1.368725173
LA119,74.07652836,56.65791044,NA,NA,1.368725173
LA126,60.18926045,55.14498448,NA,NA,1.368725173
LA129,76.88588151,56.08781107,NA,NA,1.368725173
TX003,66.28170172,58.40079387,NA,NA,1.370432224
VA142,64.75983815,54.47270323,NA,NA,1.376578309
LA124,69.31003115,58.02737287,NA,NA,1.379703448
NC109,71.24276962,58.90331581,NA,NA,1.413938682
GA003,65.02838446,58.70817454,NA,NA,1.421722593
AR022,57.74637815,55.90775601,NA,NA,1.452996795
LA059,65.90176502,57.66305269,NA,NA,1.452996795
NC047,61.05103125,57.90840625,NA,NA,1.452996795
NC050,60.97472059,57.06859588,NA,NA,1.452996795
NC054,61.7164707,58.14116509,NA,NA,1.452996795
FL018,71.29915347,59.86868431,NA,NA,1.477622219
GA027,64.2799525,57.64934329,NA,NA,1.496962928
LA096,70.17205579,58.43490796,NA,NA,1.502880554
GA122,68.77966607,58.49413294,NA,NA,1.509881869
MD006,76.11761342,56.45289914,NA,NA,1.518764294
SC042,65.05879982,54.91652523,NA,NA,1.524843059
NC065,62.22129746,57.80159047,NA,NA,1.533910319
NC068,61.22254101,59.00433036,NA,NA,1.533910319
FL022,64.76067383,57.07425959,NA,NA,1.54897579
VA040,56.53331524,55.46937101,NA,NA,1.588814994
GA125,67.40414463,57.60030687,NA,NA,1.592431941
GA168,67.33568073,59.11588681,NA,NA,1.603095634
GA030,58.70694661,57.95958671,NA,NA,1.637968063
SC047,59.05659447,54.13931677,NA,NA,1.637968063
GA031,65.62581571,57.75947826,NA,NA,1.642289414
VA045,81.20494521,54.32316666,NA,NA,1.674683255
AR041,69.19441142,58.55456102,NA,NA,1.711440167
GA104,71.09460039,57.25388763,NA,NA,1.745352799
AR102,59.57312969,54.65651368,NA,NA,1.778973198
GA038,56.78904866,56.22109552,NA,NA,1.778973198
AR081,55.70741956,56.83941888,NA,NA,1.801815136
LA024,53.12275124,57.09726339,NA,NA,1.801815136
NC024,59.67066644,55.53545672,NA,NA,1.801815136
GA136,70.08190321,56.85269791,NA,NA,1.816319572
AR044,64.66414073,54.27543352,NA,NA,1.825692298
NC029,55.9275173,56.7423995,NA,NA,1.865526186
NC063,54.85525302,56.68230611,NA,NA,1.867243652
AR039,63.66310165,57.30013019,NA,NA,1.90961068
GA052,62.65357464,56.03225483,NA,NA,1.924299685
VA049,64.41981434,54.70118518,NA,NA,1.949948004
AR021,59.62282548,56.3835262,NA,NA,1.952996795
NC052,60.69586763,57.09617772,NA,NA,1.952996795
NC075,69.22323086,57.8984097,NA,NA,2.004061848
AR084,50.64958971,56.3889955,NA,NA,2.017149062
AR086,40.72292336,52.32176978,NA,NA,2.017149062
AR087,42.84344484,56.47566001,NA,NA,2.017149062
AR088,40.39225956,51.89434802,NA,NA,2.017149062
AR090,44.39777438,54.46639111,NA,NA,2.017149062
AR091,39.69765548,57.01075371,NA,NA,2.017149062
AR092,43.36258782,55.59689155,NA,NA,2.017149062
AR093,43.42933504,55.41564778,NA,NA,2.017149062
AR095,55.05428319,54.47240778,NA,NA,2.017149062
AR096,42.52433877,55.0120693,NA,NA,2.017149062
AR097,43.45064693,54.32565754,NA,NA,2.017149062
FL001,47.8799716,50.36988616,NA,NA,2.017149062
FL003,64.72094427,57.13590163,NA,NA,2.017149062
FL004,62.1805632,56.55216488,NA,NA,2.017149062
FL006,57.29303399,53.81946395,NA,NA,2.017149062
FL020,57.19425684,52.75007308,NA,NA,2.017149062
GA010,58.57119863,54.08894925,NA,NA,2.017149062
GA016,72.97329223,56.34110498,NA,NA,2.017149062
GA017,71.76787956,56.58151408,NA,NA,2.017149062
GA019,58.41863368,54.0317509,NA,NA,2.017149062
GA020,64.64559174,54.88025327,NA,NA,2.017149062
GA021,65.80451168,57.39117073,NA,NA,2.017149062
GA025,62.38987882,54.12160966,NA,NA,2.017149062
GA029,65.58932726,55.11337394,NA,NA,2.017149062
GA043,71.24197158,57.30193901,NA,NA,2.017149062
GA169,59.05989242,52.20878845,NA,NA,2.017149062
LA011,64.48088155,55.87785891,NA,NA,2.017149062
LA013,55.93706708,53.73651348,NA,NA,2.017149062
LA014,62.9374496,56.42668576,NA,NA,2.017149062
LA015,62.49182473,56.04630161,NA,NA,2.017149062
LA017,62.12426972,56.29348839,NA,NA,2.017149062
LA018,59.02544585,54.56035677,NA,NA,2.017149062
LA019,54.42373047,55.09651652,NA,NA,2.017149062
LA022,59.07254692,54.45158167,NA,NA,2.017149062
NC002,50.97329512,54.94486549,NA,NA,2.017149062
NC006,54.96546577,56.2066818,NA,NA,2.017149062
NC008,59.01828532,56.48300075,NA,NA,2.017149062
NC009,66.03670759,55.57893535,NA,NA,2.017149062
NC012,54.01261666,54.14818946,NA,NA,2.017149062
NC015,49.09546835,55.19529307,NA,NA,2.017149062
SC061,61.21926835,53.20897543,NA,NA,2.017149062
SC062,56.97225427,53.05006212,NA,NA,2.017149062
SC063,59.91058854,53.56360095,NA,NA,2.017149062
SC064,59.57671139,53.40339241,NA,NA,2.017149062
SC065,61.57739465,52.18171803,NA,NA,2.017149062
SC066,57.34502413,52.85314504,NA,NA,2.017149062
SC067,58.41295407,53.32942228,NA,NA,2.017149062
SC068,60.61502338,52.78428347,NA,NA,2.017149062
SC069,65.57727146,53.64163341,NA,NA,2.017149062
SC070,61.26426905,53.70726932,NA,NA,2.017149062
GA033,62.35279149,56.13306227,NA,NA,2.06530482
VA038,62.11996406,56.06551586,NA,NA,2.06530482
AR064,72.22626449,58.10477857,NA,NA,2.070935765
GA159,60.66389691,58.03387531,NA,NA,2.103095634
VA118,69.91147165,57.9117239,NA,NA,2.133499904
LA118,67.91100588,59.03336039,NA,NA,2.149292675
AR030,60.08415701,55.69323187,NA,NA,2.200576985
GA089,63.50253188,56.40331394,NA,NA,2.200576985
NC067,54.60366773,57.18519224,NA,NA,2.200576985
VA099,58.28788783,54.14641279,NA,NA,2.200576985
VA059,57.74592924,53.51893839,NA,NA,2.206309955
GA034,62.0954102,56.08977472,NA,NA,2.210631306
GA048,62.2133348,58.40140892,NA,NA,2.254040253
GA054,64.54358065,54.94531558,NA,NA,2.254040253
NC120,75.14957257,58.20122656,NA,NA,2.290358927
FL016,69.99196917,58.91227456,NA,NA,2.292252587
AR005,56.48406042,54.04190275,NA,NA,2.301815136
AR076,50.78272481,57.22360769,NA,NA,2.301815136
AR080,52.59281607,55.79225544,NA,NA,2.301815136
LA009,63.59428261,56.44203781,NA,NA,2.301815136
NC014,58.00747449,56.42921328,NA,NA,2.301815136
SC051,56.30128554,55.87778748,NA,NA,2.301815136
AR042,66.17397165,58.14505724,NA,NA,2.334105416
SC058,61.16249473,55.18476146,NA,NA,2.351636441
SC046,57.03716689,56.27963975,NA,NA,2.355957793
FL017,55.80401193,57.31493206,NA,NA,2.368725173
GA162,60.24226522,57.26584252,NA,NA,2.368725173
TX014,69.08977938,57.97838633,NA,NA,2.376578309
LA036,63.39353835,58.00326734,NA,NA,2.452996795
SC029,63.78787128,57.90380396,NA,NA,2.452996795
SC032,62.14812408,57.42176482,NA,NA,2.452996795
SC035,51.76983153,58.2640123,NA,NA,2.452996795
SC036,54.38888354,57.39742138,NA,NA,2.452996795
VA041,48.86467698,53.96614155,NA,NA,2.486998456
SC048,59.74835116,54.58783448,NA,NA,2.496962928
LA099,66.23978873,54.82685539,NA,NA,2.499517049
FL002,65.00920248,55.7519938,NA,NA,2.517149062
LA002,68.67619321,56.52993975,NA,NA,2.517149062
LA003,69.29447215,54.75816635,NA,NA,2.517149062
NC016,60.61830279,55.95526971,NA,NA,2.517149062
LA083,68.24897165,56.67839057,NA,NA,2.531683366
AR029,58.70674385,56.49484172,NA,NA,2.533910319
LA057,56.45381902,58.9433186,NA,NA,2.533910319
FL019,69.14699479,58.60547606,NA,NA,2.539412097
FL023,70.50593791,58.71789832,NA,NA,2.553138696
NC026,59.6894008,57.38260433,NA,NA,2.633646711
SC059,61.52120848,55.68271277,NA,NA,2.637968063
NC043,67.03392464,57.61587688,NA,NA,2.754040253
NC027,56.47052642,56.10374723,NA,NA,2.777927695
LA055,64.16982742,56.0423898,NA,NA,2.778973198
SC055,59.42516892,55.73225483,NA,NA,2.783294549
VA039,63.53194026,54.93401843,NA,NA,2.786392944
VA036,57.56309322,54.07305241,NA,NA,2.801815136
VA006,67.69050221,59.21841543,NA,NA,2.845107336
SC037,78.66128821,60.63461906,NA,NA,2.854042464
VA098,58.53440714,55.88936194,NA,NA,2.867243652
NC097,54.65001038,55.84808628,NA,8.35741255,2.907616168
FL012,63.32568175,57.63626663,NA,NA,2.92122913
AR078,51.85750509,55.67656672,NA,NA,2.924299685
SC030,64.89021823,58.01227618,NA,NA,2.952996795
VA091,56.29091664,57.43972568,NA,NA,2.952996795
AR034,42.3344398,54.34396111,NA,NA,2.965803804
LA008,58.7671365,54.06187631,NA,NA,3.017149062
MD042,66.32978669,52.87472928,NA,NA,3.158305127
SC056,57.3734635,54.99284774,NA,NA,3.210631306
SC057,58.32101554,55.24341414,NA,NA,3.210631306
NC031,56.25863803,57.5709409,NA,NA,3.230635084
AR043,65.27496881,55.67101986,NA,NA,3.246027655
GA182,66.03483989,57.31788229,NA,NA,3.268791182
SC052,60.75206824,56.62176167,NA,NA,3.301815136
VA046,57.88932168,56.36509801,NA,NA,3.301815136
VA047,58.60861006,55.22048597,NA,NA,3.301815136
SC044,64.26688938,56.10621189,NA,NA,3.306662015
VA130,66.92109623,58.94505724,NA,NA,3.337132979
AR007,49.85914885,55.6289739,NA,NA,3.452996795
AR015,58.76296939,56.40721939,NA,NA,3.452996795
NC058,64.25614346,57.61741508,NA,NA,3.452996795
LA027,64.69635109,57.05139198,NA,NA,3.488320225
GA018,67.5982186,57.19633448,NA,NA,3.517149062
LA005,55.01874654,54.78159589,NA,NA,3.517149062
NC033,51.38323644,56.04330569,NA,NA,3.637968063
NC042,62.30398346,57.17814612,NA,NA,3.754040253
SC034,60.72503841,56.88126784,NA,NA,3.754040253
LA110,52.14315397,52.82819858,NA,NA,3.776568692
SC060,58.88477524,55.1484274,NA,NA,3.783294549
SC013,53.73563679,55.64566232,NA,NA,3.801815136
SC016,51.88634578,56.33367823,NA,NA,3.801815136
AR063,60.84809758,61.55247337,NA,NA,3.815188431
VA072,65.29201418,58.40290853,NA,NA,3.853518524
AR028,51.17105957,53.52957659,NA,NA,3.867243652
AR038,57.39848206,58.35116148,NA,NA,3.867243652
NC064,59.5090534,58.91542885,NA,NA,3.867243652
NC040,61.7201277,56.28716888,NA,NA,3.952996795
NC055,63.38475801,56.45268657,NA,NA,3.952996795
NC007,52.26426083,55.46023472,NA,NA,4.184576406
AR031,57.76407943,54.72282784,NA,NA,4.200576985
NC062,55.43813895,57.27630222,NA,NA,4.200576985
VA103,58.53585331,53.88303586,NA,NA,4.200576985
NC036,57.85432111,56.23449066,NA,NA,4.230635084
VA133,80.66494521,58.07733333,NA,15.00741255,4.267417104
NC072,63.0156049,53.47324373,NA,NA,4.277192686
SC014,49.29072496,55.39403393,NA,NA,4.301815136
SC017,57.91275073,54.13941888,NA,NA,4.301815136
SC018,65.14341926,56.132335,NA,NA,4.301815136
VA120,62.6716696,56.44860475,NA,NA,4.337132979
GA035,56.86090733,56.73931677,NA,NA,4.34731509
VA053,56.85590853,57.86346718,NA,NA,4.351636441
VA129,58.21688244,57.24134123,NA,13.25040995,4.438949516
AR033,49.00335466,54.74025208,NA,NA,4.465803804
FL005,61.36126728,55.40479773,NA,NA,4.517149062
NC010,50.77008995,55.5233027,NA,NA,4.517149062
NC066,56.85792145,56.44652103,NA,NA,4.533910319
AR040,61.2497643,57.0117239,NA,NA,4.537738491
VA070,72.54077855,54.40733333,NA,NA,4.566811592
NC011,52.98162993,56.34930183,NA,NA,4.582759869
NC001,51.54510666,55.93624375,NA,NA,4.633646711
NC035,50.78798031,56.82929025,NA,NA,4.633646711
VA050,66.24505579,56.51503014,NA,NA,4.649550235
SC033,56.77295785,58.52091214,NA,NA,4.754040253
NC028,53.25606174,57.93431608,NA,NA,4.801815136
NC030,52.64971609,56.17701457,NA,NA,4.801815136
SC053,66.78747281,57.03737027,NA,NA,4.801815136
VA075,60.31503206,54.63913564,NA,NA,4.853518524
AR032,63.75389675,54.23344652,NA,NA,4.867243652
NC057,61.94214689,55.74085572,NA,NA,4.952996795
SC023,52.32747969,56.0454012,NA,NA,4.952996795
VA088,61.34352068,55.15500346,NA,NA,4.952996795
NC004,51.53309997,56.51011983,NA,NA,5.017149062
LA032,51.15621206,54.76767299,NA,NA,5.069626171
SC012,64.20366928,55.95456432,NA,NA,5.091813911
VA043,62.25812394,57.85142584,NA,NA,5.133499904
LA114,69.23776687,50.14086956,NA,NA,5.149542487
VA156,72.22767543,54.3048416,NA,NA,5.158305127
VA063,57.41841183,54.24276418,NA,NA,5.254040253
AR014,64.38602542,56.05999522,NA,NA,5.301815136
VA048,51.04857716,54.52424554,NA,NA,5.301815136
NC096,61.67406705,57.76744185,NA,6.868407347,5.337545937
VA071,67.50923705,55.07818454,NA,NA,5.353518524
NC095,56.62663851,55.52687274,NA,NA,5.366206079
AR017,50.84502065,52.66324844,NA,NA,5.452996795
SC024,59.44288418,57.70560954,NA,NA,5.452996795
SC031,57.98521421,55.79575472,NA,NA,5.452996795
VA073,61.11440386,56.44969412,NA,NA,5.452996795
FL011,58.96851199,56.55729334,NA,NA,5.524879482
NC039,59.3963121,58.12675388,NA,NA,5.539402767
VA064,61.81916297,55.60644419,NA,NA,5.754040253
VA065,50.14343249,56.95154644,NA,NA,5.928621036
NC048,62.57654087,57.53441634,NA,NA,5.952996795
NC090,60.79932481,54.43988082,NA,NA,5.992784955
VA056,62.19871499,55.59899379,NA,NA,6.206309955
NC078,54.13533139,56.70436555,NA,NA,6.317480867
LA020,65.25755646,57.07667517,NA,NA,6.351636441
NC041,60.31007715,56.75169408,NA,NA,6.754040253
VA057,55.55031181,54.48066409,NA,NA,6.778973198
NC034,52.87179224,56.42487171,NA,NA,6.921867401
VA014,74.43878953,58.49700545,NA,NA,7.368725173
VA024,69.81138271,54.23607198,NA,NA,7.518764294
VA011,58.95541529,54.41699019,NA,NA,7.6792547
NC101,69.60800917,54.12669074,NA,NA,8.011630261
NC092,65.90788644,56.24922726,NA,NA,8.171655692
NC094,NA,NA,NA,3.90741255,NA
NC085,NA,NA,NA,4.70741255,NA
LA101,NA,NA,NA,6.943407347,NA
LA090,NA,NA,NA,7.343407347,NA
VA051,NA,NA,NA,7.70741255,NA
NC074,NA,NA,NA,7.90741255,NA
AR052,NA,NA,NA,9.00741255,NA
GA128,NA,NA,NA,9.10741255,NA
GA130,NA,NA,NA,9.90741255,NA
VA125,NA,NA,NA,10.75741255,NA
GA179,NA,NA,NA,11.05741255,NA
VA131,NA,NA,NA,11.20741255,NA
AR113,NA,NA,NA,11.40741255,NA
GA142,NA,NA,NA,11.95741255,NA
VA127,NA,NA,NA,12.06840735,NA
GA131,NA,NA,NA,12.70741255,NA
GA134,NA,NA,NA,12.70741255,NA
GA135,NA,NA,NA,12.99340735,NA
AR049,NA,NA,NA,13.05741255,NA
GA144,NA,NA,NA,13.65741255,NA
GA154,NA,NA,NA,14.16840735,NA
AR048,NA,NA,NA,14.80741255,NA
GA132,NA,NA,NA,16.49340735,NA
VA132,NA,NA,NA,16.70741255,NA
VA122,NA,NA,NA,16.90741255,NA
GA137,NA,NA,NA,18.24340735,NA
AR055,NA,NA,NA,18.71840735,NA
AR050,NA,NA,NA,20.10741255,NA
GA143,NA,NA,NA,22.06840735,NA
GA146,NA,NA,NA,22.39340735,NA
GA099,NA,NA,NA,24.01840735,NA
GA139,NA,NA,NA,25.04340735,NA
GA002,NA,NA,NA,NA,NA
FL031,NA,NA,NA,NA,NA
FL032,NA,NA,NA,NA,NA
LA143,NA,NA,NA,NA,NA
LA133,NA,NA,NA,NA,NA
LA144,NA,NA,NA,NA,NA
VA029,NA,NA,NA,NA,NA
MD002,NA,NA,NA,NA,NA
MD033,NA,NA,NA,NA,NA
MD034,NA,NA,NA,NA,NA
MD001,NA,NA,NA,NA,NA
VA028,NA,NA,NA,NA,NA
VA157,NA,NA,NA,NA,NA
VA032,NA,NA,NA,NA,NA
VA030,NA,NA,NA,NA,NA
VA031,NA,NA,NA,NA,NA
GA001,NA,NA,NA,NA,NA
AR036,57.95012019,55.82029018,NA,NA,NA
AR116,59.37882157,55.96211061,NA,NA,NA
LA046,NA,NA,NA,NA,NA
LA048,59.92687065,57.80273216,NA,NA,NA
LA056,59.00519155,55.43931499,NA,NA,NA
LA079,52.86923626,57.09841131,NA,NA,NA
LA080,52.76746391,56.05342678,NA,NA,NA
LA082,55.09809515,57.10553262,NA,NA,NA
NC060,52.12237882,55.0840245,NA,NA,NA
NC069,55.02173123,57.4101088,NA,NA,NA
NC117,52.69136772,55.71786869,NA,NA,NA
VA035,NA,NA,NA,NA,NA
VA093,65.81595789,55.69157529,NA,NA,NA
VA097,59.09870787,53.8335419,NA,NA,NA
VA102,67.16961249,56.26070255,NA,NA,NA
VA106,64.12847567,55.98120238,NA,NA,NA
VA119,61.73651556,56.05057786,NA,NA,NA