SNP,chr,cM
S1A_001,1A,4.993454968
S1A_002,1A,7.444551312
S1A_003,1A,7.690860361
S1A_004,1A,8.568179975
S1A_005,1A,8.702286519
S1A_006,1A,9.033017223
S1A_007,1A,9.496124509
S1A_008,1A,10.74884762
S1A_009,1A,11.20298566
S1A_010,1A,11.21637189
S1A_011,1A,11.67022489
S1A_012,1A,13.01202538
S1A_013,1A,13.53922779
S1A_014,1A,13.83755238
S1A_015,1A,15.15401556
S1A_016,1A,15.63681792
S1A_017,1A,18.34151935
S1A_018,1A,19.56284365
S1A_019,1A,20.22266465
S1A_020,1A,20.73522427
S1A_021,1A,21.01282561
S1A_022,1A,21.01607406
S1A_023,1A,21.61586783
S1A_024,1A,22.42276197
S1A_025,1A,23.45804236
S1A_026,1A,23.52408937
S1A_027,1A,24.13717579
S1A_028,1A,25.21943168
S1A_029,1A,25.98409386
S1A_030,1A,27.65705193
S1A_031,1A,28.01881513
S1A_032,1A,29.05883508
S1A_033,1A,29.20652504
S1A_034,1A,29.88525511
S1A_035,1A,29.88598866
S1A_036,1A,30.02635953
S1A_037,1A,30.09329721
S1A_038,1A,30.21496986
S1A_039,1A,30.58389032
S1A_040,1A,31.20046856
S1A_041,1A,31.66147254
S1A_042,1A,31.8021687
S1A_043,1A,32.05180855
S1A_044,1A,32.29044709
S1A_045,1A,32.3284714
S1A_046,1A,32.39479895
S1A_047,1A,33.03493856
S1A_048,1A,33.60439627
S1A_049,1A,34.13772947
S1A_050,1A,34.31568588
S1A_051,1A,34.38232532
S1A_052,1A,34.83522288
S1A_053,1A,35.16577688
S1A_054,1A,35.2420971
S1A_055,1A,35.27948164
S1A_056,1A,35.35520256
S1A_057,1A,35.35711637
S1A_058,1A,35.35711732
S1A_059,1A,35.36379069
S1A_060,1A,35.49305765
S1A_061,1A,35.53814557
S1A_062,1A,35.65375461
S1A_063,1A,35.80823683
S1A_064,1A,35.8487121
S1A_065,1A,35.94825266
S1A_066,1A,36.45396066
S1A_067,1A,36.54312153
S1A_068,1A,36.61116755
S1A_069,1A,36.80467053
S1A_070,1A,36.85775097
S1A_071,1A,36.88627468
S1A_072,1A,36.93019832
S1A_073,1A,36.93019832
S1A_074,1A,36.93174329
S1A_075,1A,36.9334585
S1A_076,1A,36.94067895
S1A_077,1A,36.95049925
S1A_078,1A,36.98013438
S1A_079,1A,36.98634653
S1A_080,1A,36.98876158
S1A_081,1A,36.9932765
S1A_082,1A,37.00779897
S1A_083,1A,37.01952861
S1A_084,1A,37.02534277
S1A_085,1A,37.03127502
S1A_086,1A,37.11082804
S1A_087,1A,37.15085285
S1A_088,1A,37.18969239
S1A_089,1A,37.22171831
S1A_090,1A,37.35228714
S1A_091,1A,37.44229262
S1A_092,1A,37.52766634
S1A_093,1A,37.58898835
S1A_094,1A,37.83540821
S1A_095,1A,37.88581088
S1A_096,1A,38.13852086
S1A_097,1A,38.15383867
S1A_098,1A,38.17304308
S1A_099,1A,38.35102671
S1A_100,1A,38.35702121
S1A_101,1A,38.46747095
S1A_102,1A,38.46891085
S1A_103,1A,38.55139834
S1A_104,1A,38.60236039
S1A_105,1A,39.9007734
S1A_106,1A,40.12375201
S1A_107,1A,40.12778549
S1A_108,1A,40.28021534
S1A_109,1A,40.38294248
S1A_110,1A,40.52409189
S1A_111,1A,40.70590524
S1A_112,1A,40.8035925
S1A_113,1A,40.94571372
S1A_114,1A,40.99323863
S1A_115,1A,41.03930966
S1A_116,1A,41.33027115
S1A_117,1A,41.35145881
S1A_118,1A,41.56332606
S1A_119,1A,41.61312555
S1A_120,1A,41.61656994
S1A_121,1A,41.63057266
S1A_122,1A,41.63057355
S1A_123,1A,41.86504698
S1A_124,1A,41.94653229
S1A_125,1A,42.32845588
S1A_126,1A,42.40567746
S1A_127,1A,42.47157284
S1A_128,1A,42.61651869
S1A_129,1A,43.52698789
S1A_130,1A,43.75915616
S1A_131,1A,44.1296306
S1A_132,1A,44.19749162
S1A_133,1A,44.88463808
S1A_134,1A,46.19359287
S1A_135,1A,46.34458066
S1A_136,1A,47.19050936
S1A_137,1A,48.33836706
S1A_138,1A,48.43990529
S1A_139,1A,48.94126166
S1A_140,1A,49.49794254
S1A_141,1A,49.840878
S1A_142,1A,51.44535019
S1A_143,1A,51.48055111
S1A_144,1A,51.48863286
S1A_145,1A,52.59825442
S1A_146,1A,53.59072276
S1A_147,1A,54.27276403
S1A_148,1A,54.73279415
S1A_149,1A,55.20062122
S1A_150,1A,55.2861029
S1A_151,1A,57.18575284
S1A_152,1A,57.73842013
S1A_153,1A,58.26874566
S1A_154,1A,58.36041683
S1A_155,1A,59.24729131
S1A_156,1A,60.50359361
S1A_157,1A,61.07050251
S1A_158,1A,61.07598504
S1A_159,1A,64.26210714
S1A_160,1A,64.56855163
S1A_161,1A,64.85553708
S1A_162,1A,66.04989683
S1A_163,1A,66.89530263
S1A_164,1A,68.34136963
S1A_165,1A,71.54219335
S1A_166,1A,71.67411371
S1A_167,1A,72.21797002
S1A_168,1A,72.28089178
S1A_169,1A,72.29779674
S1A_170,1A,72.3892962
S1A_171,1A,72.64046398
S1A_172,1A,72.64046467
S1A_173,1A,72.91224233
S1A_174,1A,73.68929661
S1A_175,1A,73.80915806
S1A_176,1A,74.16393137
S1A_177,1A,75.01808936
S1A_178,1A,75.56511626
S1A_179,1A,77.67756744
S1A_180,1A,77.89300763
S1A_181,1A,78.08846284
S1A_182,1A,79.99194423
S1A_183,1A,80.81976432
S1A_184,1A,84.39110999
S1A_185,1A,85.75803127
S1A_186,1A,90.31192201
S1A_187,1A,91.98985229
S1A_188,1A,92.71799039
S1A_189,1A,93.72461361
S1A_190,1A,95.62177303
S1A_191,1A,98.90874946
S1A_192,1A,99.89419777
S1A_193,1A,101.9183888
S1A_194,1A,109.4557541
S1A_195,1A,110.6740851
S1A_196,1A,114.9429443
S1A_197,1A,115.0819459
S1A_198,1A,116.2137172
S1A_199,1A,116.712427
S1A_200,1A,116.7271389
S1A_201,1A,122.6019475
S1A_202,1A,122.8983707
S1A_203,1A,123.8009938
S1A_204,1A,124.0020926
S1A_205,1A,125.1869997
S1A_206,1A,126.4229235
S1A_207,1A,127.6560114
S1A_208,1A,128.1985527
S1A_209,1A,128.5150976
S1A_210,1A,131.7376926
S1A_211,1A,132.6331358
S1A_212,1A,134.4132161
S1B_001,1B,0
S1B_002,1B,0
S1B_003,1B,0.545272513
S1B_004,1B,1.577229842
S1B_005,1B,2.32391706
S1B_006,1B,3.009460184
S1B_007,1B,3.131770385
S1B_008,1B,3.341974264
S1B_009,1B,3.449107451
S1B_010,1B,4.67312118
S1B_011,1B,5.903576681
S1B_012,1B,6.175450411
S1B_013,1B,6.646517078
S1B_014,1B,7.422736617
S1B_015,1B,8.460730783
S1B_016,1B,9.467390961
S1B_017,1B,9.606760519
S1B_018,1B,10.87385931
S1B_019,1B,10.87784293
S1B_020,1B,11.09851061
S1B_021,1B,11.26055776
S1B_022,1B,12.89614902
S1B_023,1B,13.02788698
S1B_024,1B,13.05788065
S1B_025,1B,13.96764297
S1B_026,1B,14.5552429
S1B_027,1B,15.19505145
S1B_028,1B,17.16425824
S1B_029,1B,18.87434926
S1B_030,1B,19.33919963
S1B_031,1B,19.91986162
S1B_032,1B,20.25647642
S1B_033,1B,22.01535739
S1B_034,1B,22.52473649
S1B_035,1B,23.48330224
S1B_036,1B,23.90989523
S1B_037,1B,23.97102679
S1B_038,1B,24.34501914
S1B_039,1B,24.6140265
S1B_040,1B,26.4274276
S1B_041,1B,26.58333893
S1B_042,1B,26.9487921
S1B_043,1B,27.21510695
S1B_044,1B,27.3131521
S1B_045,1B,27.96426848
S1B_046,1B,28.00482401
S1B_047,1B,28.18182239
S1B_048,1B,28.2300785
S1B_049,1B,28.64573906
S1B_050,1B,29.25679008
S1B_051,1B,29.66781099
S1B_052,1B,29.78729164
S1B_053,1B,30.31153418
S1B_054,1B,30.54691254
S1B_055,1B,30.64062652
S1B_056,1B,31.09600495
S1B_057,1B,31.16172109
S1B_058,1B,31.49278955
S1B_059,1B,31.51141976
S1B_060,1B,32.01355433
S1B_061,1B,32.36588985
S1B_062,1B,33.06151649
S1B_063,1B,33.86000698
S1B_064,1B,33.92078907
S1B_065,1B,33.93236825
S1B_066,1B,34.00722026
S1B_067,1B,34.25990901
S1B_068,1B,34.32590595
S1B_069,1B,34.39204134
S1B_070,1B,34.54372038
S1B_071,1B,34.56219087
S1B_072,1B,34.6210858
S1B_073,1B,34.80704888
S1B_074,1B,34.86094534
S1B_075,1B,35.00079082
S1B_076,1B,35.22812147
S1B_077,1B,35.23107553
S1B_078,1B,35.27277506
S1B_079,1B,35.33034576
S1B_080,1B,35.3512709
S1B_081,1B,35.35800122
S1B_082,1B,35.4726072
S1B_083,1B,35.49770758
S1B_084,1B,35.4986962
S1B_085,1B,35.52082988
S1B_086,1B,35.52637669
S1B_087,1B,35.55760132
S1B_088,1B,35.57228645
S1B_089,1B,35.58446769
S1B_090,1B,35.58978671
S1B_091,1B,35.59822442
S1B_092,1B,35.60003278
S1B_093,1B,35.60594656
S1B_094,1B,35.62971592
S1B_095,1B,35.7368636
S1B_096,1B,35.75899793
S1B_097,1B,35.78670243
S1B_098,1B,35.79334887
S1B_099,1B,35.83175139
S1B_100,1B,35.95275275
S1B_101,1B,35.99620838
S1B_102,1B,36.00975241
S1B_103,1B,36.04959495
S1B_104,1B,36.09073415
S1B_105,1B,36.13104524
S1B_106,1B,36.22958909
S1B_107,1B,36.64313801
S1B_108,1B,36.6525189
S1B_109,1B,36.69092033
S1B_110,1B,36.69742618
S1B_111,1B,36.72295958
S1B_112,1B,36.77055224
S1B_113,1B,36.82469917
S1B_114,1B,36.86079638
S1B_115,1B,37.20452923
S1B_116,1B,37.40134241
S1B_117,1B,37.41832209
S1B_118,1B,37.41832235
S1B_119,1B,37.54645187
S1B_120,1B,40.39780665
S1B_121,1B,41.33260369
S1B_122,1B,41.63163523
S1B_123,1B,41.86943597
S1B_124,1B,42.18607522
S1B_125,1B,42.27726459
S1B_126,1B,42.52742702
S1B_127,1B,43.38319254
S1B_128,1B,43.88710494
S1B_129,1B,43.89313089
S1B_130,1B,43.90163053
S1B_131,1B,44.04763401
S1B_132,1B,44.50624711
S1B_133,1B,44.74853942
S1B_134,1B,44.90537378
S1B_135,1B,45.06359974
S1B_136,1B,45.23986977
S1B_137,1B,45.57674727
S1B_138,1B,46.03346858
S1B_139,1B,46.20097572
S1B_140,1B,46.24955905
S1B_141,1B,46.25708956
S1B_142,1B,46.53462
S1B_143,1B,47.05295028
S1B_144,1B,47.41616762
S1B_145,1B,47.63183057
S1B_146,1B,47.70717063
S1B_147,1B,47.81828386
S1B_148,1B,47.86795167
S1B_149,1B,48.44454332
S1B_150,1B,48.97519641
S1B_151,1B,49.39584753
S1B_152,1B,49.45536302
S1B_153,1B,51.87736026
S1B_154,1B,52.61844353
S1B_155,1B,53.01972368
S1B_156,1B,53.22060399
S1B_157,1B,53.53990803
S1B_158,1B,54.51353451
S1B_159,1B,54.73612992
S1B_160,1B,56.07865032
S1B_161,1B,57.00481676
S1B_162,1B,58.34628027
S1B_163,1B,58.34937604
S1B_164,1B,58.63104691
S1B_165,1B,58.96696922
S1B_166,1B,59.45703352
S1B_167,1B,59.50080015
S1B_168,1B,59.53773783
S1B_169,1B,59.71700492
S1B_170,1B,59.93827554
S1B_171,1B,59.93828063
S1B_172,1B,60.36497719
S1B_173,1B,60.39481527
S1B_174,1B,60.39498511
S1B_175,1B,61.08567422
S1B_176,1B,61.30844871
S1B_177,1B,61.33947335
S1B_178,1B,61.88977922
S1B_179,1B,62.19031877
S1B_180,1B,64.19901062
S1B_181,1B,64.94154411
S1B_182,1B,65.20993995
S1B_183,1B,66.18789748
S1B_184,1B,66.18791393
S1B_185,1B,66.20934534
S1B_186,1B,66.2919006
S1B_187,1B,66.50702419
S1B_188,1B,66.9251734
S1B_189,1B,67.0432385
S1B_190,1B,67.07023296
S1B_191,1B,67.37283076
S1B_192,1B,67.60539985
S1B_193,1B,67.72396474
S1B_194,1B,67.97898224
S1B_195,1B,68.12919995
S1B_196,1B,69.71473387
S1B_197,1B,69.81832724
S1B_198,1B,70.14030121
S1B_199,1B,73.03629528
S1B_200,1B,73.99497069
S1B_201,1B,74.03086105
S1B_202,1B,74.05995826
S1B_203,1B,74.17826987
S1B_204,1B,77.9730103
S1B_205,1B,78.15398801
S1B_206,1B,78.63953354
S1B_207,1B,78.64165333
S1B_208,1B,78.64189954
S1B_209,1B,79.06554491
S1B_210,1B,79.92456182
S1B_211,1B,80.4009111
S1B_212,1B,80.93870793
S1B_213,1B,81.44176272
S1B_214,1B,81.44178292
S1B_215,1B,82.01774372
S1B_216,1B,82.63579491
S1B_217,1B,82.76656663
S1B_218,1B,83.52116958
S1B_219,1B,83.68728235
S1B_220,1B,84.04301096
S1B_221,1B,84.60314015
S1B_222,1B,85.38686123
S1B_223,1B,85.93710873
S1B_224,1B,86.56049425
S1B_225,1B,86.69242794
S1B_226,1B,87.1091007
S1B_227,1B,87.33865545
S1B_228,1B,88.05512178
S1B_229,1B,88.84332033
S1B_230,1B,89.17483375
S1B_231,1B,89.58476489
S1B_232,1B,90.94652318
S1B_233,1B,94.24261343
S1B_234,1B,94.48739101
S1B_235,1B,96.78692811
S1B_236,1B,97.35381845
S1B_237,1B,98.11872382
S1B_238,1B,98.62588739
S1B_239,1B,99.18816573
S1B_240,1B,100.1016379
S1B_241,1B,100.1099271
S1B_242,1B,102.2145118
S1B_243,1B,104.6145475
S1B_244,1B,108.5069902
S1B_245,1B,110.3695216
S1B_246,1B,110.3901219
S1B_247,1B,111.6577487
S1B_248,1B,112.0438234
S1B_249,1B,112.0907252
S1B_250,1B,112.8661916
S1B_251,1B,114.8374569
S1B_252,1B,117.2282993
S1B_253,1B,118.0839243
S1B_254,1B,119.0655164
S1B_255,1B,120.5728136
S1B_256,1B,121.9454821
S1B_257,1B,123.6520479
S1B_258,1B,128.3054201
S1B_259,1B,128.5312808
S1B_260,1B,130.7827077
S1B_261,1B,132.0807233
S1D_001,1D,0
S1D_002,1D,0
S1D_003,1D,0.451231098
S1D_004,1D,1.475486936
S1D_005,1D,2.128258963
S1D_006,1D,3.410625034
S1D_007,1D,3.49110361
S1D_008,1D,4.73039857
S1D_009,1D,5.149682187
S1D_010,1D,6.766333722
S1D_011,1D,8.629725832
S1D_012,1D,9.032360758
S1D_013,1D,12.33098623
S1D_014,1D,15.8078921
S1D_015,1D,16.30409999
S1D_016,1D,16.53198273
S1D_017,1D,21.98417117
S1D_018,1D,22.60605318
S1D_019,1D,23.28682383
S1D_020,1D,25.51771266
S1D_021,1D,26.67006468
S1D_022,1D,27.25963187
S1D_023,1D,28.89390681
S1D_024,1D,29.58081137
S1D_025,1D,30.09003911
S1D_026,1D,30.60771183
S1D_027,1D,34.02469592
S1D_028,1D,35.41639738
S1D_029,1D,37.3345113
S1D_030,1D,38.40117942
S1D_031,1D,39.77836574
S1D_032,1D,40.1975644
S1D_033,1D,40.93948965
S1D_034,1D,41.11126853
S1D_035,1D,41.38479652
S1D_036,1D,41.70252765
S1D_037,1D,42.03929216
S1D_038,1D,42.52046641
S1D_039,1D,42.69807995
S1D_040,1D,42.76189752
S1D_041,1D,42.97439415
S1D_042,1D,42.99734018
S1D_043,1D,43.11013423
S1D_044,1D,43.12569881
S1D_045,1D,43.16115132
S1D_046,1D,43.20413307
S1D_047,1D,43.24415874
S1D_048,1D,43.24447197
S1D_049,1D,43.24931658
S1D_050,1D,43.24965015
S1D_051,1D,43.25085173
S1D_052,1D,43.25376039
S1D_053,1D,43.25875572
S1D_054,1D,43.26710592
S1D_055,1D,43.26811977
S1D_056,1D,43.27824061
S1D_057,1D,43.29312477
S1D_058,1D,43.29478897
S1D_059,1D,43.30233963
S1D_060,1D,43.34498754
S1D_061,1D,43.35394755
S1D_062,1D,43.35510683
S1D_063,1D,43.35758086
S1D_064,1D,43.3634186
S1D_065,1D,43.37828175
S1D_066,1D,43.40669048
S1D_067,1D,43.40825262
S1D_068,1D,44.06343053
S1D_069,1D,44.3586764
S1D_070,1D,44.96086955
S1D_071,1D,46.18557804
S1D_072,1D,47.50358982
S1D_073,1D,49.36554755
S1D_074,1D,50.93267546
S1D_075,1D,52.94769741
S1D_076,1D,54.30746461
S1D_077,1D,55.22733691
S1D_078,1D,59.12379983
S1D_079,1D,65.16649167
S1D_080,1D,66.82695628
S1D_081,1D,66.93607689
S1D_082,1D,67.43387557
S1D_083,1D,68.46753996
S1D_084,1D,68.95665732
S1D_085,1D,69.56885256
S1D_086,1D,72.09352755
S1D_087,1D,72.68128751
S1D_088,1D,73.6122431
S1D_089,1D,74.75570898
S1D_090,1D,78.50866252
S1D_091,1D,78.87738101
S1D_092,1D,79.20774892
S1D_093,1D,85.13813349
S1D_094,1D,88.03150739
S1D_095,1D,95.02660664
S1D_096,1D,96.69281565
S1D_097,1D,107.1004628
S1D_098,1D,110.8741862
S1D_099,1D,116.3840153
S1D_100,1D,118.9870086
S1D_101,1D,120.8959044
S1D_102,1D,125.032464
S1D_103,1D,131.9272781
S2A_001,2A,0
S2A_002,2A,0
S2A_003,2A,0
S2A_004,2A,0
S2A_005,2A,0
S2A_006,2A,0
S2A_007,2A,0
S2A_008,2A,0
S2A_009,2A,0.157079744
S2A_010,2A,1.785685533
S2A_011,2A,3.456855431
S2A_012,2A,5.032822384
S2A_013,2A,5.948178191
S2A_014,2A,6.977446295
S2A_015,2A,8.013930696
S2A_016,2A,8.288700578
S2A_017,2A,9.14382043
S2A_018,2A,9.974482337
S2A_019,2A,10.24895767
S2A_020,2A,11.07884114
S2A_021,2A,12.08151025
S2A_022,2A,16.08183955
S2A_023,2A,17.16988127
S2A_024,2A,17.26210978
S2A_025,2A,20.65167647
S2A_026,2A,24.16883607
S2A_027,2A,24.25954979
S2A_028,2A,24.95520495
S2A_029,2A,25.87408029
S2A_030,2A,25.9859382
S2A_031,2A,26.08792312
S2A_032,2A,26.41061485
S2A_033,2A,27.19670742
S2A_034,2A,28.4830036
S2A_035,2A,28.62560794
S2A_036,2A,29.027604
S2A_037,2A,29.8184237
S2A_038,2A,30.48223084
S2A_039,2A,32.18313197
S2A_040,2A,32.95798663
S2A_041,2A,34.13140284
S2A_042,2A,34.96427006
S2A_043,2A,36.77988345
S2A_044,2A,37.78797887
S2A_045,2A,37.82917799
S2A_046,2A,38.74796152
S2A_047,2A,43.2873467
S2A_048,2A,44.06767566
S2A_049,2A,44.9371745
S2A_050,2A,45.28543581
S2A_051,2A,45.78440159
S2A_052,2A,47.65969459
S2A_053,2A,47.84326867
S2A_054,2A,48.39343916
S2A_055,2A,48.65361841
S2A_056,2A,49.16804497
S2A_057,2A,50.15171928
S2A_058,2A,50.79493457
S2A_059,2A,51.81803606
S2A_060,2A,52.42457263
S2A_061,2A,52.81447755
S2A_062,2A,52.88869138
S2A_063,2A,53.96903107
S2A_064,2A,54.09693857
S2A_065,2A,55.99966916
S2A_066,2A,57.24608908
S2A_067,2A,58.92897195
S2A_068,2A,59.23913896
S2A_069,2A,59.65549142
S2A_070,2A,59.83126643
S2A_071,2A,60.01892057
S2A_072,2A,60.14876983
S2A_073,2A,60.20868767
S2A_074,2A,60.34595337
S2A_075,2A,60.41638894
S2A_076,2A,60.45044593
S2A_077,2A,60.45370902
S2A_078,2A,60.46185434
S2A_079,2A,60.46301994
S2A_080,2A,60.46478312
S2A_081,2A,60.51665914
S2A_082,2A,60.68020548
S2A_083,2A,61.11325412
S2A_084,2A,61.48454126
S2A_085,2A,61.5959865
S2A_086,2A,61.63523205
S2A_087,2A,61.65251026
S2A_088,2A,61.69559027
S2A_089,2A,61.80952193
S2A_090,2A,61.82789164
S2A_091,2A,61.83017237
S2A_092,2A,61.83116631
S2A_093,2A,61.84991636
S2A_094,2A,61.86793766
S2A_095,2A,61.87111958
S2A_096,2A,61.87604177
S2A_097,2A,61.87668365
S2A_098,2A,61.87688361
S2A_099,2A,61.87725165
S2A_100,2A,61.87725165
S2A_101,2A,61.87729549
S2A_102,2A,61.87752961
S2A_103,2A,61.88739945
S2A_104,2A,61.89463919
S2A_105,2A,61.90041104
S2A_106,2A,61.90709704
S2A_107,2A,61.91915387
S2A_108,2A,61.92179076
S2A_109,2A,61.94649294
S2A_110,2A,61.99453213
S2A_111,2A,62.01788429
S2A_112,2A,62.0902646
S2A_113,2A,62.2316524
S2A_114,2A,62.23165842
S2A_115,2A,62.39834234
S2A_116,2A,62.4304365
S2A_117,2A,62.46090968
S2A_118,2A,62.56164793
S2A_119,2A,62.67235019
S2A_120,2A,62.6755562
S2A_121,2A,62.92019652
S2A_122,2A,63.0683609
S2A_123,2A,63.24488486
S2A_124,2A,63.41160164
S2A_125,2A,63.81664326
S2A_126,2A,63.84400332
S2A_127,2A,63.97285931
S2A_128,2A,64.14679596
S2A_129,2A,64.45753081
S2A_130,2A,65.61084051
S2A_131,2A,65.79040886
S2A_132,2A,66.31924192
S2A_133,2A,66.97330218
S2A_134,2A,66.9734124
S2A_135,2A,67.251769
S2A_136,2A,67.34203605
S2A_137,2A,67.44985961
S2A_138,2A,67.7054051
S2A_139,2A,67.80269588
S2A_140,2A,68.0976254
S2A_141,2A,68.47226641
S2A_142,2A,68.67646951
S2A_143,2A,69.09891175
S2A_144,2A,69.52323493
S2A_145,2A,69.87099984
S2A_146,2A,70.92934669
S2A_147,2A,72.64649161
S2A_148,2A,72.96879817
S2A_149,2A,73.16403048
S2A_150,2A,73.75058817
S2A_151,2A,75.03197905
S2A_152,2A,75.15481182
S2A_153,2A,76.01652163
S2A_154,2A,76.35577307
S2A_155,2A,76.59398332
S2A_156,2A,77.17350605
S2A_157,2A,77.79205289
S2A_158,2A,78.49878469
S2A_159,2A,79.29977994
S2A_160,2A,80.21360927
S2A_161,2A,80.21873386
S2A_162,2A,80.55523934
S2A_163,2A,80.86686727
S2A_164,2A,80.88345244
S2A_165,2A,81.1908436
S2A_166,2A,81.41991468
S2A_167,2A,81.50494152
S2A_168,2A,81.79726272
S2A_169,2A,81.80945721
S2A_170,2A,81.86457349
S2A_171,2A,83.85100409
S2A_172,2A,84.12840946
S2A_173,2A,84.79786581
S2A_174,2A,85.10166654
S2A_175,2A,85.39763548
S2A_176,2A,85.71700486
S2A_177,2A,86.04474242
S2A_178,2A,86.60908033
S2A_179,2A,87.58123657
S2A_180,2A,87.86520873
S2A_181,2A,87.86718598
S2A_182,2A,88.11413324
S2A_183,2A,88.54379666
S2A_184,2A,88.64494557
S2A_185,2A,88.91649309
S2A_186,2A,89.88905836
S2A_187,2A,90.26849957
S2A_188,2A,90.56881488
S2A_189,2A,90.88240083
S2A_190,2A,90.88241944
S2A_191,2A,91.6148196
S2A_192,2A,92.61856371
S2A_193,2A,92.6929325
S2A_194,2A,93.20988296
S2A_195,2A,93.97529377
S2A_196,2A,94.62801588
S2A_197,2A,94.88393183
S2A_198,2A,94.92517014
S2A_199,2A,97.40680947
S2A_200,2A,97.63788256
S2A_201,2A,98.56472172
S2A_202,2A,99.96303572
S2A_203,2A,100.2915124
S2A_204,2A,100.2915193
S2A_205,2A,100.7547829
S2A_206,2A,100.7720267
S2A_207,2A,100.8850246
S2A_208,2A,100.9007115
S2A_209,2A,101.0385478
S2A_210,2A,101.2248941
S2A_211,2A,102.2473419
S2A_212,2A,102.3251147
S2A_213,2A,102.5330724
S2A_214,2A,102.7259756
S2A_215,2A,102.8065093
S2A_216,2A,103.5111637
S2A_217,2A,103.888507
S2A_218,2A,103.9953715
S2A_219,2A,104.737388
S2A_220,2A,105.0763189
S2A_221,2A,105.6194577
S2A_222,2A,106.1986546
S2A_223,2A,106.3214026
S2A_224,2A,106.4170924
S2A_225,2A,106.572397
S2A_226,2A,106.722252
S2A_227,2A,107.2767135
S2A_228,2A,107.6601536
S2A_229,2A,107.8743377
S2A_230,2A,108.4256753
S2A_231,2A,109.3882927
S2A_232,2A,109.4760778
S2A_233,2A,109.6038319
S2A_234,2A,110.9033793
S2A_235,2A,111.6750634
S2A_236,2A,112.1092851
S2A_237,2A,112.1179308
S2A_238,2A,112.2103998
S2A_239,2A,112.9012434
S2A_240,2A,113.5539326
S2A_241,2A,115.425255
S2A_242,2A,115.4677583
S2B_001,2B,0
S2B_002,2B,0
S2B_003,2B,0
S2B_004,2B,0
S2B_005,2B,0.866030734
S2B_006,2B,1.612392251
S2B_007,2B,2.360234486
S2B_008,2B,4.252790908
S2B_009,2B,4.597657887
S2B_010,2B,7.513993432
S2B_011,2B,8.016388865
S2B_012,2B,10.60148411
S2B_013,2B,10.60965367
S2B_014,2B,11.23605049
S2B_015,2B,12.87272763
S2B_016,2B,15.10272557
S2B_017,2B,16.07659962
S2B_018,2B,16.88855386
S2B_019,2B,17.53213329
S2B_020,2B,19.03928756
S2B_021,2B,19.28828545
S2B_022,2B,19.72576851
S2B_023,2B,21.06739583
S2B_024,2B,22.11874426
S2B_025,2B,22.25059974
S2B_026,2B,22.83534911
S2B_027,2B,23.30240875
S2B_028,2B,23.43509332
S2B_029,2B,24.43741969
S2B_030,2B,24.81526192
S2B_031,2B,24.90530636
S2B_032,2B,25.3589195
S2B_033,2B,25.96515053
S2B_034,2B,26.49959579
S2B_035,2B,26.55795355
S2B_036,2B,26.93289976
S2B_037,2B,27.49733304
S2B_038,2B,27.84063199
S2B_039,2B,29.13364108
S2B_040,2B,32.76307302
S2B_041,2B,33.89019867
S2B_042,2B,34.26744306
S2B_043,2B,36.23126822
S2B_044,2B,37.85801674
S2B_045,2B,38.74484241
S2B_046,2B,39.4315919
S2B_047,2B,41.22135264
S2B_048,2B,41.67653451
S2B_049,2B,42.93580501
S2B_050,2B,44.71773428
S2B_051,2B,45.80426604
S2B_052,2B,46.30998899
S2B_053,2B,48.92557316
S2B_054,2B,48.99019726
S2B_055,2B,49.09178019
S2B_056,2B,49.17221845
S2B_057,2B,50.95107351
S2B_058,2B,51.47712867
S2B_059,2B,52.40159646
S2B_060,2B,53.30161617
S2B_061,2B,54.1810339
S2B_062,2B,54.22934448
S2B_063,2B,54.38868619
S2B_064,2B,55.43914492
S2B_065,2B,56.05005031
S2B_066,2B,56.51467479
S2B_067,2B,56.89687888
S2B_068,2B,57.20248639
S2B_069,2B,58.21785626
S2B_070,2B,59.4895581
S2B_071,2B,60.0651634
S2B_072,2B,60.54926082
S2B_073,2B,60.64726981
S2B_074,2B,60.7149461
S2B_075,2B,60.71495297
S2B_076,2B,62.96297655
S2B_077,2B,62.97821208
S2B_078,2B,63.38236982
S2B_079,2B,63.75695642
S2B_080,2B,63.7587541
S2B_081,2B,64.02342539
S2B_082,2B,65.080577
S2B_083,2B,65.67128044
S2B_084,2B,65.89011516
S2B_085,2B,66.21509953
S2B_086,2B,66.26469828
S2B_087,2B,66.8298983
S2B_088,2B,67.0014741
S2B_089,2B,67.19345418
S2B_090,2B,67.7412011
S2B_091,2B,68.0141567
S2B_092,2B,68.33364744
S2B_093,2B,68.81758891
S2B_094,2B,69.4732588
S2B_095,2B,69.57195782
S2B_096,2B,69.92149689
S2B_097,2B,70.0192026
S2B_098,2B,70.07049537
S2B_099,2B,70.17885996
S2B_100,2B,70.32321167
S2B_101,2B,70.3501711
S2B_102,2B,70.41553217
S2B_103,2B,70.45252774
S2B_104,2B,70.49352051
S2B_105,2B,70.59607677
S2B_106,2B,70.62765575
S2B_107,2B,70.62766421
S2B_108,2B,70.66900242
S2B_109,2B,70.83952499
S2B_110,2B,70.94156467
S2B_111,2B,70.94899001
S2B_112,2B,70.96907744
S2B_113,2B,71.21154863
S2B_114,2B,71.38199634
S2B_115,2B,71.69092094
S2B_116,2B,71.87995249
S2B_117,2B,72.10010828
S2B_118,2B,72.12673864
S2B_119,2B,72.34977389
S2B_120,2B,72.39546373
S2B_121,2B,72.47853508
S2B_122,2B,72.88644001
S2B_123,2B,73.0751332
S2B_124,2B,73.10993558
S2B_125,2B,73.27556009
S2B_126,2B,73.36701979
S2B_127,2B,73.37509381
S2B_128,2B,73.48425983
S2B_129,2B,73.48716097
S2B_130,2B,73.55695508
S2B_131,2B,73.60365853
S2B_132,2B,73.97215235
S2B_133,2B,74.15554343
S2B_134,2B,74.33756119
S2B_135,2B,74.36175093
S2B_136,2B,74.40122706
S2B_137,2B,74.49430796
S2B_138,2B,74.51940857
S2B_139,2B,74.52629062
S2B_140,2B,74.5384639
S2B_141,2B,74.58837319
S2B_142,2B,74.6521026
S2B_143,2B,74.68081554
S2B_144,2B,74.69718408
S2B_145,2B,74.70648222
S2B_146,2B,74.70688759
S2B_147,2B,74.77692993
S2B_148,2B,74.78811743
S2B_149,2B,74.81403331
S2B_150,2B,74.81442999
S2B_151,2B,74.81898285
S2B_152,2B,74.83143721
S2B_153,2B,74.84487492
S2B_154,2B,74.84981533
S2B_155,2B,74.85752543
S2B_156,2B,74.86021312
S2B_157,2B,74.86072442
S2B_158,2B,74.8681877
S2B_159,2B,74.86849498
S2B_160,2B,74.88092791
S2B_161,2B,74.88173528
S2B_162,2B,74.88437239
S2B_163,2B,74.88586365
S2B_164,2B,74.88758384
S2B_165,2B,74.90450154
S2B_166,2B,74.90773471
S2B_167,2B,74.91522176
S2B_168,2B,74.93383244
S2B_169,2B,74.95817369
S2B_170,2B,74.96777027
S2B_171,2B,74.969111
S2B_172,2B,74.98299861
S2B_173,2B,75.01063953
S2B_174,2B,75.01829919
S2B_175,2B,75.0513426
S2B_176,2B,75.05665645
S2B_177,2B,75.06774113
S2B_178,2B,75.07376976
S2B_179,2B,75.13739098
S2B_180,2B,75.26140727
S2B_181,2B,75.38811494
S2B_182,2B,75.52131269
S2B_183,2B,75.60931571
S2B_184,2B,75.62439891
S2B_185,2B,75.66769272
S2B_186,2B,75.69257011
S2B_187,2B,75.83274123
S2B_188,2B,75.87382415
S2B_189,2B,75.98453373
S2B_190,2B,76.01611502
S2B_191,2B,76.13131554
S2B_192,2B,76.20445005
S2B_193,2B,76.40974915
S2B_194,2B,76.46677167
S2B_195,2B,76.48481148
S2B_196,2B,76.5074134
S2B_197,2B,76.59120247
S2B_198,2B,76.66538333
S2B_199,2B,76.67188863
S2B_200,2B,76.848864
S2B_201,2B,76.85185154
S2B_202,2B,76.85757671
S2B_203,2B,76.91400687
S2B_204,2B,76.91400738
S2B_205,2B,77.23625176
S2B_206,2B,77.29530215
S2B_207,2B,77.70538826
S2B_208,2B,77.80864574
S2B_209,2B,78.34765185
S2B_210,2B,78.59420722
S2B_211,2B,78.63326495
S2B_212,2B,78.69986675
S2B_213,2B,78.72685853
S2B_214,2B,78.8697056
S2B_215,2B,79.04796549
S2B_216,2B,79.15948576
S2B_217,2B,79.23131253
S2B_218,2B,79.40101482
S2B_219,2B,79.53398166
S2B_220,2B,79.92006043
S2B_221,2B,80.01461602
S2B_222,2B,80.13215569
S2B_223,2B,80.13215854
S2B_224,2B,80.57414569
S2B_225,2B,80.74006898
S2B_226,2B,80.86250581
S2B_227,2B,81.1025103
S2B_228,2B,81.18566181
S2B_229,2B,81.32142238
S2B_230,2B,82.22304688
S2B_231,2B,82.6056977
S2B_232,2B,82.63887286
S2B_233,2B,83.20527915
S2B_234,2B,83.68337648
S2B_235,2B,84.13702431
S2B_236,2B,84.31707025
S2B_237,2B,84.47725262
S2B_238,2B,84.58927928
S2B_239,2B,84.92612356
S2B_240,2B,85.21753107
S2B_241,2B,85.48066156
S2B_242,2B,85.60688987
S2B_243,2B,86.05413297
S2B_244,2B,86.27511004
S2B_245,2B,86.47912513
S2B_246,2B,86.62314192
S2B_247,2B,86.74187847
S2B_248,2B,86.89471811
S2B_249,2B,87.01198607
S2B_250,2B,87.01672195
S2B_251,2B,87.40760411
S2B_252,2B,87.4364619
S2B_253,2B,87.54445146
S2B_254,2B,87.58289843
S2B_255,2B,87.92504528
S2B_256,2B,88.2448592
S2B_257,2B,88.27384112
S2B_258,2B,88.5332517
S2B_259,2B,88.73343678
S2B_260,2B,88.83267549
S2B_261,2B,89.0184184
S2B_262,2B,89.11612228
S2B_263,2B,89.53767301
S2B_264,2B,89.83445893
S2B_265,2B,90.00913866
S2B_266,2B,90.03733204
S2B_267,2B,90.08978753
S2B_268,2B,90.17374554
S2B_269,2B,90.40731556
S2B_270,2B,90.4945049
S2B_271,2B,90.60858091
S2B_272,2B,90.66741011
S2B_273,2B,90.75189584
S2B_274,2B,91.0261087
S2B_275,2B,91.32897007
S2B_276,2B,91.50719134
S2B_277,2B,91.60277789
S2B_278,2B,91.79089096
S2B_279,2B,91.81641387
S2B_280,2B,91.82991577
S2B_281,2B,91.88139507
S2B_282,2B,92.18238865
S2B_283,2B,92.26124141
S2B_284,2B,92.53318192
S2B_285,2B,92.70955935
S2B_286,2B,93.02765197
S2B_287,2B,93.31380106
S2B_288,2B,93.32207261
S2B_289,2B,93.4491853
S2B_290,2B,93.45052482
S2B_291,2B,93.58207509
S2B_292,2B,93.85113886
S2B_293,2B,93.87439043
S2B_294,2B,93.98224713
S2B_295,2B,94.35823577
S2B_296,2B,94.40998625
S2B_297,2B,94.56316748
S2B_298,2B,94.74489222
S2B_299,2B,94.80412398
S2B_300,2B,94.84615826
S2B_301,2B,94.98011039
S2B_302,2B,94.999625
S2B_303,2B,95.12411015
S2B_304,2B,95.20329736
S2B_305,2B,95.2037141
S2B_306,2B,95.21608999
S2B_307,2B,95.21788061
S2B_308,2B,95.28549702
S2B_309,2B,95.37381198
S2B_310,2B,95.55761401
S2B_311,2B,95.63119517
S2B_312,2B,95.70561184
S2B_313,2B,96.0279329
S2B_314,2B,96.76420985
S2B_315,2B,96.95412197
S2B_316,2B,98.15508473
S2B_317,2B,98.46996728
S2B_318,2B,98.71698862
S2B_319,2B,98.71769241
S2B_320,2B,98.86653489
S2B_321,2B,98.95991615
S2B_322,2B,99.32300292
S2B_323,2B,99.38807619
S2B_324,2B,100.1849322
S2B_325,2B,100.3589022
S2B_326,2B,100.4150003
S2B_327,2B,100.5939992
S2B_328,2B,100.7768402
S2B_329,2B,101.1257383
S2B_330,2B,101.364104
S2B_331,2B,102.1623125
S2B_332,2B,102.8335251
S2B_333,2B,102.8710688
S2B_334,2B,102.9694805
S2B_335,2B,103.2408345
S2B_336,2B,103.6408002
S2B_337,2B,104.2623627
S2B_338,2B,104.4092154
S2B_339,2B,104.5460557
S2B_340,2B,104.5850599
S2B_341,2B,104.5861063
S2B_342,2B,104.5920955
S2B_343,2B,104.8094697
S2B_344,2B,105.0346303
S2B_345,2B,105.0727841
S2B_346,2B,105.3560306
S2B_347,2B,105.6477612
S2B_348,2B,106.2033526
S2B_349,2B,107.3358593
S2B_350,2B,107.9510423
S2B_351,2B,108.9250086
S2B_352,2B,109.2669804
S2B_353,2B,110.0647195
S2B_354,2B,112.9370078
S2B_355,2B,113.3417443
S2B_356,2B,113.7487097
S2B_357,2B,113.7497291
S2B_358,2B,113.8233603
S2B_359,2B,113.9356279
S2B_360,2B,114.2883714
S2B_361,2B,114.3693261
S2B_362,2B,116.337114
S2B_363,2B,118.4362517
S2B_364,2B,118.6483594
S2B_365,2B,120.1115571
S2B_366,2B,121.9042279
S2B_367,2B,122.7729275
S2B_368,2B,123.8393702
S2B_369,2B,124.2942135
S2B_370,2B,125.08028
S2B_371,2B,125.6645799
S2B_372,2B,126.9984512
S2B_373,2B,127.7620213
S2B_374,2B,127.8847895
S2B_375,2B,128.1983739
S2B_376,2B,128.4936553
S2B_377,2B,130.5325459
S2B_378,2B,131.7162818
S2B_379,2B,131.8837847
S2B_380,2B,132.3946122
S2B_381,2B,133.5739427
S2B_382,2B,134.9011539
S2B_383,2B,135.4847953
S2B_384,2B,136.4044943
S2B_385,2B,136.9168675
S2B_386,2B,136.9447144
S2B_387,2B,137.0096639
S2B_388,2B,139.156722
S2B_389,2B,139.3941613
S2B_390,2B,139.4315077
S2B_391,2B,139.6467284
S2B_392,2B,140.1273634
S2B_393,2B,141.7384462
S2B_394,2B,142.1506689
S2B_395,2B,142.3111537
S2B_396,2B,143.1557227
S2B_397,2B,143.3252104
S2B_398,2B,144.0081709
S2B_399,2B,144.0612908
S2B_400,2B,145.9906443
S2B_401,2B,146.3565206
S2B_402,2B,147.3155835
S2B_403,2B,148.0253831
S2B_404,2B,148.2645253
S2B_405,2B,149.2228316
S2B_406,2B,149.6940532
S2B_407,2B,149.8420047
S2B_408,2B,151.7021708
S2D_001,2D,0.991061614
S2D_002,2D,1.811224168
S2D_003,2D,12.11641441
S2D_004,2D,12.60301039
S2D_005,2D,15.3584963
S2D_006,2D,17.90091191
S2D_007,2D,18.46134915
S2D_008,2D,19.37078511
S2D_009,2D,20.44570377
S2D_010,2D,21.94160899
S2D_011,2D,23.0660557
S2D_012,2D,24.09934306
S2D_013,2D,24.6670539
S2D_014,2D,30.4312387
S2D_015,2D,34.16858032
S2D_016,2D,38.57320872
S2D_017,2D,42.32784904
S2D_018,2D,43.10782318
S2D_019,2D,43.19037804
S2D_020,2D,45.71539456
S2D_021,2D,46.60587322
S2D_022,2D,47.36998937
S2D_023,2D,50.85509659
S2D_024,2D,52.16850417
S2D_025,2D,52.97679152
S2D_026,2D,53.35593446
S2D_027,2D,53.53672012
S2D_028,2D,53.63865131
S2D_029,2D,54.03250128
S2D_030,2D,54.60886676
S2D_031,2D,55.12387598
S2D_032,2D,55.6442207
S2D_033,2D,57.71794642
S2D_034,2D,58.65346156
S2D_035,2D,60.00481062
S2D_036,2D,60.00482039
S2D_037,2D,60.77492922
S2D_038,2D,61.1020936
S2D_039,2D,61.14370879
S2D_040,2D,61.97872705
S2D_041,2D,61.98060973
S2D_042,2D,63.72278168
S2D_043,2D,63.74831299
S2D_044,2D,64.34358329
S2D_045,2D,65.68602212
S2D_046,2D,66.0900967
S2D_047,2D,68.84685266
S2D_048,2D,70.71671096
S2D_049,2D,72.89692595
S2D_050,2D,74.04162958
S2D_051,2D,74.36772652
S2D_052,2D,74.73267062
S2D_053,2D,75.26290907
S2D_054,2D,75.48679318
S2D_055,2D,75.52292226
S2D_056,2D,75.5230685
S2D_057,2D,75.52711688
S2D_058,2D,75.53053261
S2D_059,2D,75.53740159
S2D_060,2D,75.53779215
S2D_061,2D,75.62795613
S2D_062,2D,75.9854656
S2D_063,2D,76.14746527
S2D_064,2D,76.2278326
S2D_065,2D,76.56963535
S2D_066,2D,76.9451724
S2D_067,2D,77.49901641
S2D_068,2D,77.50712165
S2D_069,2D,77.66769091
S2D_070,2D,78.38351422
S2D_071,2D,78.55122791
S2D_072,2D,79.331028
S2D_073,2D,79.63125068
S2D_074,2D,79.7598483
S2D_075,2D,80.22577173
S2D_076,2D,80.49150414
S2D_077,2D,80.56566035
S2D_078,2D,80.76514124
S2D_079,2D,81.11157158
S2D_080,2D,81.41595494
S2D_081,2D,81.56148642
S2D_082,2D,83.57126416
S2D_083,2D,84.08246781
S2D_084,2D,84.2551106
S2D_085,2D,86.4045036
S2D_086,2D,88.0751776
S2D_087,2D,88.2687854
S2D_088,2D,89.64524997
S2D_089,2D,90.6296151
S2D_090,2D,90.87975032
S2D_091,2D,91.00923151
S2D_092,2D,93.38039939
S2D_093,2D,97.58986412
S2D_094,2D,98.48887435
S2D_095,2D,100.3247248
S2D_096,2D,101.0065933
S2D_097,2D,101.8930266
S2D_098,2D,102.3846897
S2D_099,2D,103.0930108
S2D_100,2D,103.6049712
S2D_101,2D,103.6682195
S2D_102,2D,104.6785674
S2D_103,2D,104.7557567
S2D_104,2D,105.1898152
S2D_105,2D,107.4270322
S2D_106,2D,107.427035
S2D_107,2D,108.2014769
S2D_108,2D,108.3527221
S2D_109,2D,108.4903419
S2D_110,2D,109.6133269
S2D_111,2D,109.8645632
S2D_112,2D,109.9988258
S2D_113,2D,111.2764869
S2D_114,2D,112.3087477
S2D_115,2D,113.2789593
S2D_116,2D,113.788463
S2D_117,2D,114.6890491
S2D_118,2D,115.0025064
S2D_119,2D,115.482107
S2D_120,2D,116.5072851
S2D_121,2D,117.5490722
S2D_122,2D,117.8747393
S2D_123,2D,118.3209262
S2D_124,2D,118.3733348
S2D_125,2D,118.3811371
S2D_126,2D,119.7396167
S2D_127,2D,120.4297474
S2D_128,2D,121.1871989
S2D_129,2D,121.2038938
S2D_130,2D,124.2697728
S2D_131,2D,125.3901086
S2D_132,2D,126.7349384
S2D_133,2D,127.4373358
S2D_134,2D,127.5067071
S2D_135,2D,128.2008689
S2D_136,2D,129.359554
S2D_137,2D,129.7609183
S2D_138,2D,130.7867335
S2D_139,2D,133.0745229
S2D_140,2D,133.4929064
S2D_141,2D,135.9978694
S2D_142,2D,136.2468623
S3A_001,3A,0
S3A_002,3A,0
S3A_003,3A,1.017405451
S3A_004,3A,1.126744966
S3A_005,3A,1.575488469
S3A_006,3A,3.030534941
S3A_007,3A,3.816876889
S3A_008,3A,4.23997811
S3A_009,3A,5.25535055
S3A_010,3A,5.477966559
S3A_011,3A,5.746846097
S3A_012,3A,7.22878416
S3A_013,3A,7.568488848
S3A_014,3A,10.51674936
S3A_015,3A,10.98563903
S3A_016,3A,11.86849096
S3A_017,3A,13.00227063
S3A_018,3A,13.86960987
S3A_019,3A,15.55419663
S3A_020,3A,16.2785163
S3A_021,3A,16.70165431
S3A_022,3A,17.16207876
S3A_023,3A,17.22429272
S3A_024,3A,18.16434257
S3A_025,3A,18.23674521
S3A_026,3A,19.3770782
S3A_027,3A,22.06033116
S3A_028,3A,22.5169817
S3A_029,3A,22.66729644
S3A_030,3A,23.51855106
S3A_031,3A,31.17436442
S3A_032,3A,31.86330568
S3A_033,3A,33.59552853
S3A_034,3A,36.99264638
S3A_035,3A,37.56018337
S3A_036,3A,38.55549133
S3A_037,3A,39.17116518
S3A_038,3A,40.42563086
S3A_039,3A,41.03780414
S3A_040,3A,41.81056806
S3A_041,3A,42.39335556
S3A_042,3A,44.82036727
S3A_043,3A,45.47489478
S3A_044,3A,48.73458068
S3A_045,3A,53.36856527
S3A_046,3A,54.64073649
S3A_047,3A,55.06134176
S3A_048,3A,55.62721867
S3A_049,3A,57.7758213
S3A_050,3A,58.38444582
S3A_051,3A,58.95554876
S3A_052,3A,59.38563192
S3A_053,3A,60.08462116
S3A_054,3A,60.29907496
S3A_055,3A,60.45856979
S3A_056,3A,60.50563483
S3A_057,3A,60.94807861
S3A_058,3A,61.06100715
S3A_059,3A,61.23718014
S3A_060,3A,61.4725857
S3A_061,3A,61.60507821
S3A_062,3A,61.71945458
S3A_063,3A,61.76798282
S3A_064,3A,61.76823181
S3A_065,3A,61.78132815
S3A_066,3A,61.80149546
S3A_067,3A,61.81341631
S3A_068,3A,61.82090962
S3A_069,3A,61.92497855
S3A_070,3A,61.92724307
S3A_071,3A,61.98872734
S3A_072,3A,62.03798804
S3A_073,3A,62.52741572
S3A_074,3A,62.73575102
S3A_075,3A,62.94939497
S3A_076,3A,63.07695627
S3A_077,3A,63.10493009
S3A_078,3A,63.16005846
S3A_079,3A,63.17675329
S3A_080,3A,63.19868055
S3A_081,3A,63.21251421
S3A_082,3A,63.54145197
S3A_083,3A,63.66181456
S3A_084,3A,63.68286107
S3A_085,3A,63.74207519
S3A_086,3A,63.74569026
S3A_087,3A,63.79653748
S3A_088,3A,63.80355866
S3A_089,3A,64.11780224
S3A_090,3A,64.15288099
S3A_091,3A,64.34292329
S3A_092,3A,64.68917115
S3A_093,3A,64.99511791
S3A_094,3A,64.99572336
S3A_095,3A,65.094814
S3A_096,3A,65.36357031
S3A_097,3A,65.46659887
S3A_098,3A,65.73990004
S3A_099,3A,65.79119822
S3A_100,3A,65.8284129
S3A_101,3A,65.85741219
S3A_102,3A,66.05777103
S3A_103,3A,66.07849255
S3A_104,3A,66.11365799
S3A_105,3A,66.77852024
S3A_106,3A,66.77852422
S3A_107,3A,67.2539776
S3A_108,3A,67.70056273
S3A_109,3A,68.3764752
S3A_110,3A,69.18018884
S3A_111,3A,69.69280712
S3A_112,3A,70.13049505
S3A_113,3A,70.30975021
S3A_114,3A,70.49634313
S3A_115,3A,70.89254641
S3A_116,3A,72.72784283
S3A_117,3A,78.70004817
S3A_118,3A,79.7358462
S3A_119,3A,79.86623351
S3A_120,3A,79.88213017
S3A_121,3A,80.79647266
S3A_122,3A,82.69845121
S3A_123,3A,84.92937439
S3A_124,3A,88.88029139
S3A_125,3A,89.39601536
S3A_126,3A,91.67465229
S3A_127,3A,92.30364693
S3A_128,3A,94.64008103
S3A_129,3A,96.50828786
S3A_130,3A,97.00816707
S3A_131,3A,98.10434005
S3A_132,3A,98.202889
S3A_133,3A,100.4672112
S3A_134,3A,103.8621249
S3A_135,3A,104.7427749
S3A_136,3A,105.5918524
S3A_137,3A,106.0977711
S3A_138,3A,106.42706
S3A_139,3A,106.8447273
S3A_140,3A,106.8859907
S3A_141,3A,107.900107
S3A_142,3A,109.1009446
S3A_143,3A,109.5910953
S3A_144,3A,109.9132806
S3A_145,3A,111.9116439
S3A_146,3A,112.8088998
S3A_147,3A,114.1629171
S3A_148,3A,115.6903786
S3A_149,3A,115.8237057
S3A_150,3A,116.8571615
S3A_151,3A,117.6587186
S3A_152,3A,121.7781991
S3A_153,3A,122.1626508
S3A_154,3A,122.314909
S3A_155,3A,122.4648411
S3A_156,3A,123.0059549
S3A_157,3A,123.3253015
S3A_158,3A,126.1256432
S3A_159,3A,126.2636344
S3A_160,3A,127.021713
S3A_161,3A,128.1955504
S3A_162,3A,129.6748468
S3A_163,3A,130.5879015
S3A_164,3A,131.2881956
S3A_165,3A,131.3105285
S3A_166,3A,133.1189576
S3A_167,3A,133.8945436
S3A_168,3A,134.9756
S3A_169,3A,135.8053016
S3A_170,3A,136.3285375
S3A_171,3A,138.3024996
S3A_172,3A,139.2055672
S3A_173,3A,140.5162248
S3A_174,3A,141.4021167
S3A_175,3A,141.9239883
S3A_176,3A,142.5895789
S3A_177,3A,144.2118178
S3A_178,3A,144.7350478
S3A_179,3A,145.0821897
S3A_180,3A,145.082246
S3A_181,3A,145.7952034
S3A_182,3A,147.3420131
S3A_183,3A,147.8267304
S3A_184,3A,147.840473
S3A_185,3A,148.304896
S3A_186,3A,148.4878643
S3A_187,3A,150.0991154
S3A_188,3A,154.5234221
S3A_189,3A,155.0253527
S3A_190,3A,155.7886802
S3A_191,3A,156.5492318
S3A_192,3A,156.9785278
S3B_001,3B,0
S3B_002,3B,0
S3B_003,3B,0
S3B_004,3B,0
S3B_005,3B,0
S3B_006,3B,0.835122017
S3B_007,3B,1.673227562
S3B_008,3B,3.883172156
S3B_009,3B,5.675564968
S3B_010,3B,5.832480015
S3B_011,3B,6.997522391
S3B_012,3B,7.422852332
S3B_013,3B,7.606067458
S3B_014,3B,9.43006011
S3B_015,3B,10.54546113
S3B_016,3B,10.94214596
S3B_017,3B,10.98937486
S3B_018,3B,11.53977505
S3B_019,3B,11.68425257
S3B_020,3B,12.36941894
S3B_021,3B,14.18692265
S3B_022,3B,15.34604807
S3B_023,3B,15.61798758
S3B_024,3B,16.80344847
S3B_025,3B,17.07514913
S3B_026,3B,17.79835747
S3B_027,3B,17.99461227
S3B_028,3B,19.57921879
S3B_029,3B,20.72166821
S3B_030,3B,21.47563493
S3B_031,3B,21.67343245
S3B_032,3B,21.8614429
S3B_033,3B,22.29696975
S3B_034,3B,22.37738239
S3B_035,3B,22.41199536
S3B_036,3B,23.46966243
S3B_037,3B,25.19994996
S3B_038,3B,26.87450452
S3B_039,3B,27.65558568
S3B_040,3B,28.32338445
S3B_041,3B,28.66799967
S3B_042,3B,28.7884873
S3B_043,3B,30.44800694
S3B_044,3B,31.64713751
S3B_045,3B,31.68654187
S3B_046,3B,33.14344036
S3B_047,3B,33.23632266
S3B_048,3B,33.62156093
S3B_049,3B,33.76668351
S3B_050,3B,34.51784491
S3B_051,3B,35.06906696
S3B_052,3B,35.81769696
S3B_053,3B,37.82488554
S3B_054,3B,38.03988655
S3B_055,3B,38.61289424
S3B_056,3B,39.05809559
S3B_057,3B,40.71083574
S3B_058,3B,40.85172519
S3B_059,3B,40.92465205
S3B_060,3B,41.14537974
S3B_061,3B,41.79707981
S3B_062,3B,43.4957291
S3B_063,3B,44.46118155
S3B_064,3B,44.71049031
S3B_065,3B,46.64306496
S3B_066,3B,47.15447726
S3B_067,3B,47.16055459
S3B_068,3B,47.1623668
S3B_069,3B,48.09030987
S3B_070,3B,48.33968487
S3B_071,3B,48.94694617
S3B_072,3B,48.9515232
S3B_073,3B,49.12307464
S3B_074,3B,49.45666901
S3B_075,3B,49.59720664
S3B_076,3B,49.78526306
S3B_077,3B,49.90769992
S3B_078,3B,49.9917808
S3B_079,3B,50.22748019
S3B_080,3B,50.38082034
S3B_081,3B,50.4285276
S3B_082,3B,50.52356497
S3B_083,3B,50.56734032
S3B_084,3B,50.63689797
S3B_085,3B,50.6806222
S3B_086,3B,50.76228925
S3B_087,3B,50.77757001
S3B_088,3B,50.81447441
S3B_089,3B,50.96091517
S3B_090,3B,50.99448848
S3B_091,3B,51.09445018
S3B_092,3B,51.19815108
S3B_093,3B,51.23789924
S3B_094,3B,51.52213115
S3B_095,3B,51.62253758
S3B_096,3B,51.7019812
S3B_097,3B,51.83422732
S3B_098,3B,51.9312742
S3B_099,3B,51.97769851
S3B_100,3B,52.08574865
S3B_101,3B,52.11307333
S3B_102,3B,52.18329161
S3B_103,3B,52.28019468
S3B_104,3B,52.29933247
S3B_105,3B,52.52450073
S3B_106,3B,52.55430976
S3B_107,3B,52.56372837
S3B_108,3B,52.58473722
S3B_109,3B,52.60589854
S3B_110,3B,52.67356926
S3B_111,3B,52.67958718
S3B_112,3B,52.74194081
S3B_113,3B,52.78391794
S3B_114,3B,52.83890769
S3B_115,3B,52.94452103
S3B_116,3B,53.00229384
S3B_117,3B,53.01499253
S3B_118,3B,53.05221596
S3B_119,3B,53.06731503
S3B_120,3B,53.09890725
S3B_121,3B,53.13372968
S3B_122,3B,53.18052591
S3B_123,3B,53.19643525
S3B_124,3B,53.20585285
S3B_125,3B,53.21239953
S3B_126,3B,53.23241862
S3B_127,3B,53.23505909
S3B_128,3B,53.2355047
S3B_129,3B,53.25160126
S3B_130,3B,53.25209736
S3B_131,3B,53.26774583
S3B_132,3B,53.30175777
S3B_133,3B,53.30503224
S3B_134,3B,53.32054461
S3B_135,3B,53.32811808
S3B_136,3B,53.3281181
S3B_137,3B,53.32929218
S3B_138,3B,53.33595366
S3B_139,3B,53.33783449
S3B_140,3B,53.33869429
S3B_141,3B,53.34208197
S3B_142,3B,53.34483744
S3B_143,3B,53.34621037
S3B_144,3B,53.34731732
S3B_145,3B,53.3475185
S3B_146,3B,53.3481857
S3B_147,3B,53.35093896
S3B_148,3B,53.37128721
S3B_149,3B,53.40060922
S3B_150,3B,53.4267796
S3B_151,3B,53.46978095
S3B_152,3B,53.48806836
S3B_153,3B,53.55052041
S3B_154,3B,53.59753048
S3B_155,3B,53.6161269
S3B_156,3B,53.65854456
S3B_157,3B,53.91031858
S3B_158,3B,53.93153806
S3B_159,3B,54.04360591
S3B_160,3B,54.13004739
S3B_161,3B,54.18646134
S3B_162,3B,54.19025714
S3B_163,3B,54.30445026
S3B_164,3B,54.5119407
S3B_165,3B,54.64713035
S3B_166,3B,54.64778008
S3B_167,3B,54.75128723
S3B_168,3B,54.7972361
S3B_169,3B,54.83904676
S3B_170,3B,55.20765666
S3B_171,3B,55.44703654
S3B_172,3B,55.52168477
S3B_173,3B,55.73303786
S3B_174,3B,55.97314612
S3B_175,3B,55.99432413
S3B_176,3B,56.18332904
S3B_177,3B,56.24649498
S3B_178,3B,56.30453166
S3B_179,3B,56.37181846
S3B_180,3B,56.43140559
S3B_181,3B,56.68913213
S3B_182,3B,56.81352875
S3B_183,3B,56.88601512
S3B_184,3B,57.12120387
S3B_185,3B,57.33127817
S3B_186,3B,57.36763048
S3B_187,3B,57.44288883
S3B_188,3B,57.50119496
S3B_189,3B,57.85361122
S3B_190,3B,57.8761254
S3B_191,3B,57.98044509
S3B_192,3B,57.99347918
S3B_193,3B,58.06331129
S3B_194,3B,58.08331182
S3B_195,3B,58.13099589
S3B_196,3B,58.17060955
S3B_197,3B,58.20812546
S3B_198,3B,58.20812885
S3B_199,3B,58.28299323
S3B_200,3B,58.4060284
S3B_201,3B,58.696752
S3B_202,3B,58.78886771
S3B_203,3B,58.97136211
S3B_204,3B,59.11192749
S3B_205,3B,59.5929824
S3B_206,3B,60.23442655
S3B_207,3B,60.67086617
S3B_208,3B,60.73100207
S3B_209,3B,60.76498933
S3B_210,3B,60.80261498
S3B_211,3B,60.96937904
S3B_212,3B,60.991306
S3B_213,3B,61.00199005
S3B_214,3B,61.01211477
S3B_215,3B,61.23261581
S3B_216,3B,61.25712828
S3B_217,3B,61.32882484
S3B_218,3B,61.34221196
S3B_219,3B,61.35293156
S3B_220,3B,61.50239655
S3B_221,3B,61.52016683
S3B_222,3B,61.56708083
S3B_223,3B,61.64100686
S3B_224,3B,61.65004129
S3B_225,3B,61.72167266
S3B_226,3B,61.78099781
S3B_227,3B,61.78512393
S3B_228,3B,61.8165791
S3B_229,3B,61.88427816
S3B_230,3B,61.95408198
S3B_231,3B,61.97294595
S3B_232,3B,62.01852987
S3B_233,3B,62.07543644
S3B_234,3B,62.07996161
S3B_235,3B,62.20144609
S3B_236,3B,62.3773865
S3B_237,3B,62.37738773
S3B_238,3B,62.68168337
S3B_239,3B,62.74476088
S3B_240,3B,62.84466131
S3B_241,3B,63.00429922
S3B_242,3B,63.47161234
S3B_243,3B,63.57748635
S3B_244,3B,63.66778198
S3B_245,3B,63.84524441
S3B_246,3B,63.99365815
S3B_247,3B,64.09245781
S3B_248,3B,64.37442727
S3B_249,3B,65.12857508
S3B_250,3B,65.52512621
S3B_251,3B,65.87183339
S3B_252,3B,65.88368552
S3B_253,3B,65.98018808
S3B_254,3B,66.02524649
S3B_255,3B,66.21074247
S3B_256,3B,66.24084541
S3B_257,3B,66.31355773
S3B_258,3B,66.46825429
S3B_259,3B,66.59406782
S3B_260,3B,66.78981914
S3B_261,3B,66.89328693
S3B_262,3B,66.96622026
S3B_263,3B,67.02741418
S3B_264,3B,67.1364535
S3B_265,3B,67.13645399
S3B_266,3B,67.25042403
S3B_267,3B,67.28622387
S3B_268,3B,67.30429157
S3B_269,3B,67.90227227
S3B_270,3B,68.08635672
S3B_271,3B,68.97994707
S3B_272,3B,69.10048327
S3B_273,3B,69.14394249
S3B_274,3B,69.38222655
S3B_275,3B,69.64878909
S3B_276,3B,69.87100207
S3B_277,3B,70.13424157
S3B_278,3B,70.37602295
S3B_279,3B,71.3301491
S3B_280,3B,71.47286554
S3B_281,3B,72.4511413
S3B_282,3B,72.94886362
S3B_283,3B,73.21531984
S3B_284,3B,73.99532746
S3B_285,3B,74.04978239
S3B_286,3B,74.30911727
S3B_287,3B,74.57324425
S3B_288,3B,74.90492622
S3B_289,3B,75.03994437
S3B_290,3B,75.88576801
S3B_291,3B,76.56173698
S3B_292,3B,76.89965238
S3B_293,3B,77.59066525
S3B_294,3B,78.45104229
S3B_295,3B,78.45105598
S3B_296,3B,78.7865315
S3B_297,3B,79.10960652
S3B_298,3B,80.89049934
S3B_299,3B,81.59540193
S3B_300,3B,82.04913742
S3B_301,3B,82.25555714
S3B_302,3B,82.45212929
S3B_303,3B,82.76390595
S3B_304,3B,82.77523624
S3B_305,3B,82.8415848
S3B_306,3B,82.90514294
S3B_307,3B,84.11782049
S3B_308,3B,84.57955197
S3B_309,3B,85.28242096
S3B_310,3B,85.82816225
S3B_311,3B,85.89240851
S3B_312,3B,86.26394715
S3B_313,3B,87.24628145
S3B_314,3B,87.43577374
S3B_315,3B,88.82683488
S3B_316,3B,89.37143765
S3B_317,3B,89.45139854
S3B_318,3B,90.17757468
S3B_319,3B,90.25264238
S3B_320,3B,91.01956172
S3B_321,3B,91.12408808
S3B_322,3B,91.1469584
S3B_323,3B,92.42562239
S3B_324,3B,93.11424184
S3B_325,3B,93.19307013
S3B_326,3B,94.23782928
S3B_327,3B,94.27584189
S3B_328,3B,94.28764832
S3B_329,3B,94.49340831
S3B_330,3B,94.60347791
S3B_331,3B,95.22321547
S3B_332,3B,96.65730852
S3B_333,3B,97.04007347
S3B_334,3B,97.78450094
S3B_335,3B,98.36339103
S3B_336,3B,99.50761399
S3B_337,3B,99.63474807
S3B_338,3B,102.2184062
S3B_339,3B,103.7988538
S3B_340,3B,104.2600643
S3B_341,3B,104.3908183
S3B_342,3B,106.0074375
S3B_343,3B,106.7219556
S3B_344,3B,107.2762435
S3B_345,3B,107.433302
S3B_346,3B,108.4889228
S3B_347,3B,109.7095503
S3B_348,3B,111.3762628
S3B_349,3B,113.8197004
S3B_350,3B,115.7953689
S3B_351,3B,115.8348332
S3B_352,3B,117.442454
S3B_353,3B,117.4675756
S3B_354,3B,118.1289339
S3B_355,3B,118.1840442
S3B_356,3B,119.4736231
S3B_357,3B,119.7771465
S3B_358,3B,120.9968332
S3B_359,3B,121.0977157
S3B_360,3B,121.1812158
S3B_361,3B,122.1084359
S3B_362,3B,125.439574
S3B_363,3B,125.7350293
S3B_364,3B,126.3672623
S3B_365,3B,130.1865818
S3B_366,3B,134.8898556
S3B_367,3B,136.6187865
S3B_368,3B,137.4198482
S3B_369,3B,140.6382978
S3B_370,3B,140.64111
S3B_371,3B,140.8281007
S3B_372,3B,142.3068683
S3B_373,3B,142.539654
S3B_374,3B,143.5039082
S3B_375,3B,147.9222438
S3D_001,3D,0
S3D_002,3D,0
S3D_003,3D,0.922129452
S3D_004,3D,3.499260144
S3D_005,3D,4.281503405
S3D_006,3D,9.376016736
S3D_007,3D,19.71875928
S3D_008,3D,25.60723474
S3D_009,3D,26.64654699
S3D_010,3D,26.96340067
S3D_011,3D,29.62400549
S3D_012,3D,37.94152413
S3D_013,3D,39.06348246
S3D_014,3D,42.18891002
S3D_015,3D,51.14381807
S3D_016,3D,51.5864038
S3D_017,3D,51.8556644
S3D_018,3D,52.31142292
S3D_019,3D,52.85521037
S3D_020,3D,53.01081145
S3D_021,3D,53.6267455
S3D_022,3D,53.84042767
S3D_023,3D,56.34277354
S3D_024,3D,56.43628071
S3D_025,3D,56.56435469
S3D_026,3D,56.56690744
S3D_027,3D,56.58138686
S3D_028,3D,56.61670147
S3D_029,3D,56.68646909
S3D_030,3D,56.70640402
S3D_031,3D,56.70862313
S3D_032,3D,56.71841213
S3D_033,3D,56.71980611
S3D_034,3D,56.72001338
S3D_035,3D,56.72032362
S3D_036,3D,56.72041088
S3D_037,3D,56.72950495
S3D_038,3D,58.221431
S3D_039,3D,58.67582776
S3D_040,3D,59.0972911
S3D_041,3D,59.18582715
S3D_042,3D,60.2966845
S3D_043,3D,62.95740694
S3D_044,3D,63.51520978
S3D_045,3D,67.52023348
S3D_046,3D,67.79112299
S3D_047,3D,68.55569709
S3D_048,3D,74.0707679
S3D_049,3D,75.88891917
S3D_050,3D,79.6990523
S3D_051,3D,85.27702903
S3D_052,3D,85.91659056
S3D_053,3D,85.93526648
S3D_054,3D,91.97217191
S3D_055,3D,95.48479836
S3D_056,3D,97.78269139
S3D_057,3D,98.14671478
S3D_058,3D,98.52755359
S3D_059,3D,100.698162
S3D_060,3D,101.6281712
S3D_061,3D,103.5943014
S3D_062,3D,110.3300699
S3D_063,3D,110.804475
S3D_064,3D,113.8440968
S3D_065,3D,125.4470074
S3D_066,3D,125.7544769
S3D_067,3D,125.9861945
S3D_068,3D,127.4059927
S3D_069,3D,127.800413
S3D_070,3D,127.9859661
S3D_071,3D,128.1955896
S3D_072,3D,130.3933129
S3D_073,3D,130.3933773
S3D_074,3D,130.8253731
S3D_075,3D,136.4019556
S3D_076,3D,137.3073753
S3D_077,3D,140.2190689
S3D_078,3D,141.2188825
S3D_079,3D,143.1109424
S3D_080,3D,145.1375541
S3D_081,3D,145.5651309
S3D_082,3D,147.0839509
S4A_001,4A,0.503810887
S4A_002,4A,13.11780823
S4A_003,4A,14.94794905
S4A_004,4A,20.20842482
S4A_005,4A,21.12686197
S4A_006,4A,21.36266328
S4A_007,4A,24.91494927
S4A_008,4A,31.10263976
S4A_009,4A,32.65737463
S4A_010,4A,38.33912371
S4A_011,4A,38.6554211
S4A_012,4A,41.4351425
S4A_013,4A,42.58029189
S4A_014,4A,42.86729725
S4A_015,4A,43.07939282
S4A_016,4A,43.09836895
S4A_017,4A,43.15151749
S4A_018,4A,43.18507792
S4A_019,4A,43.20963205
S4A_020,4A,43.23488974
S4A_021,4A,43.31372794
S4A_022,4A,43.47081985
S4A_023,4A,43.49842583
S4A_024,4A,43.59782539
S4A_025,4A,43.60390551
S4A_026,4A,43.68119748
S4A_027,4A,43.68831262
S4A_028,4A,43.71070507
S4A_029,4A,43.8735987
S4A_030,4A,43.89084669
S4A_031,4A,43.90342919
S4A_032,4A,43.9533852
S4A_033,4A,43.97982044
S4A_034,4A,43.9805517
S4A_035,4A,44.00477158
S4A_036,4A,44.01198066
S4A_037,4A,44.01634865
S4A_038,4A,44.02071154
S4A_039,4A,44.02709478
S4A_040,4A,44.04291642
S4A_041,4A,44.04854714
S4A_042,4A,44.04885201
S4A_043,4A,44.0490096
S4A_044,4A,44.04908349
S4A_045,4A,44.04932823
S4A_046,4A,44.04935187
S4A_047,4A,44.0578003
S4A_048,4A,44.06376905
S4A_049,4A,44.07622948
S4A_050,4A,44.07887775
S4A_051,4A,44.09079562
S4A_052,4A,44.13594607
S4A_053,4A,44.15303771
S4A_054,4A,44.37982259
S4A_055,4A,44.64634044
S4A_056,4A,44.86863988
S4A_057,4A,44.9029104
S4A_058,4A,44.97902787
S4A_059,4A,45.01275242
S4A_060,4A,45.15229992
S4A_061,4A,45.41377533
S4A_062,4A,45.44833236
S4A_063,4A,45.72232288
S4A_064,4A,45.8140998
S4A_065,4A,45.96172722
S4A_066,4A,46.04571627
S4A_067,4A,46.07691088
S4A_068,4A,46.20735363
S4A_069,4A,46.23663962
S4A_070,4A,46.35490942
S4A_071,4A,46.38769806
S4A_072,4A,46.46589654
S4A_073,4A,46.50744082
S4A_074,4A,46.51131545
S4A_075,4A,46.55949729
S4A_076,4A,46.59104551
S4A_077,4A,46.5925859
S4A_078,4A,46.67405288
S4A_079,4A,46.69396256
S4A_080,4A,46.71503072
S4A_081,4A,46.73350538
S4A_082,4A,46.74206273
S4A_083,4A,46.74580845
S4A_084,4A,46.75191889
S4A_085,4A,46.75191902
S4A_086,4A,46.75195238
S4A_087,4A,46.75221642
S4A_088,4A,46.75279717
S4A_089,4A,46.75352481
S4A_090,4A,46.75618786
S4A_091,4A,46.75660783
S4A_092,4A,46.76268075
S4A_093,4A,46.7922545
S4A_094,4A,46.81129583
S4A_095,4A,46.8185884
S4A_096,4A,46.81858875
S4A_097,4A,46.83467561
S4A_098,4A,46.88103806
S4A_099,4A,46.88252488
S4A_100,4A,46.90605956
S4A_101,4A,47.11716968
S4A_102,4A,47.17086119
S4A_103,4A,47.34301765
S4A_104,4A,47.37356203
S4A_105,4A,47.40016766
S4A_106,4A,47.45413186
S4A_107,4A,47.6074477
S4A_108,4A,47.81419974
S4A_109,4A,50.1794813
S4A_110,4A,50.55117836
S4A_111,4A,51.18762878
S4A_112,4A,53.48670754
S4A_113,4A,54.8319098
S4A_114,4A,55.70975841
S4A_115,4A,56.54335951
S4A_116,4A,65.91011049
S4A_117,4A,69.81171825
S4A_118,4A,71.36196496
S4A_119,4A,71.76886585
S4A_120,4A,71.9424668
S4A_121,4A,71.94246805
S4A_122,4A,72.3542046
S4A_123,4A,72.3542255
S4A_124,4A,73.62124915
S4A_125,4A,74.05083851
S4A_126,4A,74.32715902
S4A_127,4A,75.2123459
S4A_128,4A,76.61679226
S4A_129,4A,76.61680671
S4A_130,4A,78.49630746
S4A_131,4A,78.50546773
S4A_132,4A,78.51877675
S4A_133,4A,78.98132847
S4A_134,4A,79.08261561
S4A_135,4A,79.63760777
S4A_136,4A,79.68711552
S4A_137,4A,79.75744888
S4A_138,4A,79.96453711
S4A_139,4A,80.7498483
S4A_140,4A,82.02757769
S4A_141,4A,82.47515655
S4A_142,4A,82.57679348
S4A_143,4A,82.89839002
S4A_144,4A,84.52705491
S4A_145,4A,84.98508104
S4A_146,4A,85.45175404
S4A_147,4A,85.83866095
S4A_148,4A,86.34564992
S4A_149,4A,86.62738142
S4A_150,4A,87.11115281
S4A_151,4A,87.24345726
S4A_152,4A,87.25533576
S4A_153,4A,87.87705999
S4A_154,4A,88.9529261
S4A_155,4A,89.36961447
S4A_156,4A,90.13069521
S4A_157,4A,90.38848324
S4A_158,4A,90.7466575
S4A_159,4A,92.08215822
S4A_160,4A,93.24207417
S4A_161,4A,94.33973395
S4A_162,4A,97.85765813
S4A_163,4A,98.61867104
S4A_164,4A,98.61884128
S4A_165,4A,99.23547202
S4A_166,4A,99.23820022
S4A_167,4A,99.96875717
S4A_168,4A,100.2642975
S4A_169,4A,100.4721043
S4A_170,4A,100.9189924
S4A_171,4A,101.6421966
S4A_172,4A,102.6638309
S4A_173,4A,103.4981609
S4A_174,4A,103.5751283
S4A_175,4A,103.812714
S4A_176,4A,104.0617753
S4A_177,4A,104.1947225
S4A_178,4A,104.2169221
S4A_179,4A,104.4366852
S4A_180,4A,105.285119
S4A_181,4A,105.4089062
S4A_182,4A,105.851278
S4A_183,4A,107.0840402
S4A_184,4A,107.5231845
S4A_185,4A,107.7820259
S4A_186,4A,108.2540964
S4A_187,4A,108.2984575
S4A_188,4A,108.5296189
S4A_189,4A,109.3191845
S4A_190,4A,109.3722027
S4A_191,4A,110.2836399
S4A_192,4A,111.3163956
S4A_193,4A,111.4108362
S4A_194,4A,111.421227
S4A_195,4A,111.4212308
S4A_196,4A,111.5034037
S4A_197,4A,111.5062791
S4A_198,4A,112.3029141
S4A_199,4A,112.4008064
S4A_200,4A,112.680919
S4A_201,4A,112.9360765
S4A_202,4A,113.0381779
S4A_203,4A,113.7385298
S4A_204,4A,114.136724
S4A_205,4A,114.6313231
S4A_206,4A,114.6834024
S4A_207,4A,114.9560173
S4A_208,4A,115.4222251
S4A_209,4A,115.5800634
S4A_210,4A,115.7601236
S4A_211,4A,115.9023117
S4A_212,4A,116.266786
S4A_213,4A,116.3628456
S4A_214,4A,117.338357
S4A_215,4A,117.3841467
S4A_216,4A,117.450204
S4A_217,4A,117.450228
S4A_218,4A,117.775016
S4A_219,4A,118.2568061
S4A_220,4A,119.2079353
S4A_221,4A,119.207941
S4A_222,4A,119.9441754
S4A_223,4A,119.9559355
S4A_224,4A,119.9560207
S4A_225,4A,120.0167874
S4A_226,4A,120.0539887
S4A_227,4A,120.3047526
S4A_228,4A,120.4042862
S4A_229,4A,120.5844913
S4A_230,4A,120.5892214
S4A_231,4A,120.9842197
S4A_232,4A,121.6383675
S4A_233,4A,121.9142585
S4A_234,4A,121.9708304
S4A_235,4A,122.1884011
S4A_236,4A,123.0479035
S4A_237,4A,123.3508334
S4A_238,4A,123.991119
S4A_239,4A,124.0567965
S4A_240,4A,124.1774986
S4A_241,4A,124.1832627
S4A_242,4A,125.8366269
S4A_243,4A,125.9660059
S4A_244,4A,126.3287419
S4A_245,4A,126.5264322
S4A_246,4A,126.6670467
S4A_247,4A,127.2175462
S4A_248,4A,127.2179372
S4A_249,4A,127.5987303
S4A_250,4A,127.7164106
S4A_251,4A,127.9023296
S4A_252,4A,129.7689506
S4A_253,4A,129.7702227
S4A_254,4A,130.0365068
S4A_255,4A,130.1363435
S4A_256,4A,131.7102242
S4B_001,4B,0
S4B_002,4B,0
S4B_003,4B,0
S4B_004,4B,0
S4B_005,4B,0
S4B_006,4B,0
S4B_007,4B,0.758274657
S4B_008,4B,2.030719538
S4B_009,4B,6.364747282
S4B_010,4B,7.497579376
S4B_011,4B,8.702285545
S4B_012,4B,9.318773079
S4B_013,4B,10.22380218
S4B_014,4B,12.99801857
S4B_015,4B,17.68802394
S4B_016,4B,17.842392
S4B_017,4B,20.10875484
S4B_018,4B,24.61673812
S4B_019,4B,26.44181338
S4B_020,4B,26.54298647
S4B_021,4B,27.03800612
S4B_022,4B,27.36995614
S4B_023,4B,28.35558414
S4B_024,4B,29.12265489
S4B_025,4B,30.30468017
S4B_026,4B,31.43969963
S4B_027,4B,32.18947234
S4B_028,4B,32.56824379
S4B_029,4B,33.87156011
S4B_030,4B,34.40417248
S4B_031,4B,34.421155
S4B_032,4B,34.49590135
S4B_033,4B,34.55471937
S4B_034,4B,34.64519844
S4B_035,4B,34.73770987
S4B_036,4B,34.81338104
S4B_037,4B,34.8150647
S4B_038,4B,35.08868972
S4B_039,4B,35.09335188
S4B_040,4B,35.09581795
S4B_041,4B,35.19652892
S4B_042,4B,35.38490555
S4B_043,4B,35.62622515
S4B_044,4B,35.80028422
S4B_045,4B,35.88931448
S4B_046,4B,36.1074963
S4B_047,4B,36.25738276
S4B_048,4B,36.29639836
S4B_049,4B,36.42339102
S4B_050,4B,36.72210269
S4B_051,4B,36.72303134
S4B_052,4B,36.72303156
S4B_053,4B,36.72313966
S4B_054,4B,36.72454419
S4B_055,4B,36.78425751
S4B_056,4B,36.79007897
S4B_057,4B,36.80029036
S4B_058,4B,36.80179101
S4B_059,4B,36.80363836
S4B_060,4B,36.82543374
S4B_061,4B,36.85769327
S4B_062,4B,36.88026723
S4B_063,4B,36.91004592
S4B_064,4B,36.93847398
S4B_065,4B,36.95311743
S4B_066,4B,37.07046674
S4B_067,4B,37.10364758
S4B_068,4B,37.47484467
S4B_069,4B,37.47484636
S4B_070,4B,37.54864521
S4B_071,4B,37.70145526
S4B_072,4B,37.88949056
S4B_073,4B,37.9981407
S4B_074,4B,38.36414546
S4B_075,4B,38.63033306
S4B_076,4B,38.7159207
S4B_077,4B,40.95431322
S4B_078,4B,41.00889147
S4B_079,4B,42.03492715
S4B_080,4B,43.01385427
S4B_081,4B,44.91157913
S4B_082,4B,45.19022521
S4B_083,4B,45.21528192
S4B_084,4B,46.13554966
S4B_085,4B,46.35515198
S4B_086,4B,46.51579582
S4B_087,4B,46.66616824
S4B_088,4B,47.12419473
S4B_089,4B,47.94414965
S4B_090,4B,48.06432728
S4B_091,4B,48.14992347
S4B_092,4B,48.24084171
S4B_093,4B,48.24226878
S4B_094,4B,48.34797083
S4B_095,4B,48.5252826
S4B_096,4B,48.61410401
S4B_097,4B,48.80198749
S4B_098,4B,49.07263834
S4B_099,4B,49.22072414
S4B_100,4B,49.24183242
S4B_101,4B,49.28572659
S4B_102,4B,49.67361118
S4B_103,4B,50.00467831
S4B_104,4B,50.07283146
S4B_105,4B,50.10966153
S4B_106,4B,50.11160827
S4B_107,4B,50.26046762
S4B_108,4B,50.42684689
S4B_109,4B,50.52031116
S4B_110,4B,50.59626975
S4B_111,4B,50.72106658
S4B_112,4B,50.93556024
S4B_113,4B,51.01719444
S4B_114,4B,51.26046102
S4B_115,4B,51.35500079
S4B_116,4B,51.37212061
S4B_117,4B,51.56255607
S4B_118,4B,51.57648808
S4B_119,4B,51.7376661
S4B_120,4B,52.29705469
S4B_121,4B,52.46627888
S4B_122,4B,52.97549107
S4B_123,4B,53.71049315
S4B_124,4B,53.88656032
S4B_125,4B,53.8865773
S4B_126,4B,54.45950984
S4B_127,4B,56.78113543
S4B_128,4B,60.59256938
S4B_129,4B,61.51752451
S4B_130,4B,64.03658339
S4B_131,4B,65.50405135
S4B_132,4B,67.33028049
S4B_133,4B,68.91138719
S4B_134,4B,69.20206171
S4B_135,4B,69.28094007
S4B_136,4B,69.40449415
S4B_137,4B,72.50146839
S4B_138,4B,74.47515765
S4B_139,4B,76.08916163
S4B_140,4B,76.5589038
S4B_141,4B,77.40761607
S4B_142,4B,77.44342719
S4B_143,4B,86.09943393
S4B_144,4B,86.96839135
S4D_001,4D,0
S4D_002,4D,0
S4D_003,4D,0
S4D_004,4D,1.921032254
S4D_005,4D,4.60113375
S4D_006,4D,8.170490152
S4D_007,4D,9.135756131
S4D_008,4D,25.98300851
S4D_009,4D,45.97605938
S4D_010,4D,46.66902047
S4D_011,4D,50.2483491
S4D_012,4D,50.49730562
S4D_013,4D,50.6323736
S4D_014,4D,50.82320364
S4D_015,4D,51.47354263
S4D_016,4D,51.81625872
S4D_017,4D,51.88559324
S4D_018,4D,52.44597122
S4D_019,4D,53.01466667
S4D_020,4D,53.35387963
S4D_021,4D,53.37553276
S4D_022,4D,53.84692901
S4D_023,4D,53.93340365
S4D_024,4D,54.01457888
S4D_025,4D,54.02494934
S4D_026,4D,54.02697799
S4D_027,4D,54.0301669
S4D_028,4D,54.03926194
S4D_029,4D,54.14273597
S4D_030,4D,54.40469356
S4D_031,4D,54.59517016
S4D_032,4D,54.67773287
S4D_033,4D,54.84419244
S4D_034,4D,55.01128793
S4D_035,4D,55.0222392
S4D_036,4D,57.59328197
S4D_037,4D,58.18233866
S4D_038,4D,59.09153879
S4D_039,4D,59.53409861
S4D_040,4D,60.27334096
S4D_041,4D,65.83837784
S4D_042,4D,67.00557792
S4D_043,4D,68.26958822
S4D_044,4D,69.98904725
S4D_045,4D,71.30899755
S4D_046,4D,73.77661899
S4D_047,4D,80.75694032
S4D_048,4D,87.99187621
S4D_049,4D,88.13460409
S4D_050,4D,97.72903702
S4D_051,4D,103.5890279
S4D_052,4D,107.9645781
S4D_053,4D,111.3106443
S5A_001,5A,0
S5A_002,5A,0
S5A_003,5A,0
S5A_004,5A,0
S5A_005,5A,0
S5A_006,5A,0
S5A_007,5A,0
S5A_008,5A,0
S5A_009,5A,0
S5A_010,5A,0
S5A_011,5A,0
S5A_012,5A,0
S5A_013,5A,0
S5A_014,5A,0
S5A_015,5A,0
S5A_016,5A,0
S5A_017,5A,0
S5A_018,5A,0
S5A_019,5A,0
S5A_020,5A,0
S5A_021,5A,0
S5A_022,5A,0
S5A_023,5A,0
S5A_024,5A,0
S5A_025,5A,0
S5A_026,5A,0
S5A_027,5A,0
S5A_028,5A,0
S5A_029,5A,0
S5A_030,5A,0
S5A_031,5A,0
S5A_032,5A,0
S5A_033,5A,0
S5A_034,5A,0
S5A_035,5A,0
S5A_036,5A,0
S5A_037,5A,0
S5A_038,5A,0
S5A_039,5A,0
S5A_040,5A,0
S5A_041,5A,0
S5A_042,5A,0
S5A_043,5A,0
S5A_044,5A,0
S5A_045,5A,0
S5A_046,5A,0
S5A_047,5A,0
S5A_048,5A,0
S5A_049,5A,0
S5A_050,5A,0
S5A_051,5A,0
S5A_052,5A,0
S5A_053,5A,0
S5A_054,5A,0
S5A_055,5A,0
S5A_056,5A,0
S5A_057,5A,0
S5A_058,5A,0
S5A_059,5A,0.079683279
S5A_060,5A,0.470377392
S5A_061,5A,0.675256329
S5A_062,5A,1.189187251
S5A_063,5A,1.330259263
S5A_064,5A,1.721049162
S5A_065,5A,2.000392228
S5A_066,5A,3.503557779
S5A_067,5A,3.652089326
S5A_068,5A,3.719171692
S5A_069,5A,3.722568568
S5A_070,5A,3.839803722
S5A_071,5A,3.92897371
S5A_072,5A,4.471128644
S5A_073,5A,4.496107028
S5A_074,5A,4.619689034
S5A_075,5A,4.714450167
S5A_076,5A,4.742889601
S5A_077,5A,4.796670922
S5A_078,5A,4.803512102
S5A_079,5A,4.838911804
S5A_080,5A,4.870740646
S5A_081,5A,4.878916448
S5A_082,5A,5.037438787
S5A_083,5A,5.061388703
S5A_084,5A,5.076658919
S5A_085,5A,5.105216467
S5A_086,5A,5.222562339
S5A_087,5A,5.235309819
S5A_088,5A,5.519184302
S5A_089,5A,5.956919141
S5A_090,5A,6.08933962
S5A_091,5A,6.203345631
S5A_092,5A,6.327686631
S5A_093,5A,6.454958269
S5A_094,5A,6.882001256
S5A_095,5A,7.016408673
S5A_096,5A,7.174366172
S5A_097,5A,7.26347254
S5A_098,5A,7.435078968
S5A_099,5A,7.542598791
S5A_100,5A,8.048679715
S5A_101,5A,8.241765017
S5A_102,5A,8.98382299
S5A_103,5A,9.111511691
S5A_104,5A,9.389465122
S5A_105,5A,9.705305796
S5A_106,5A,10.94043656
S5A_107,5A,12.16644377
S5A_108,5A,12.2259742
S5A_109,5A,14.24531536
S5A_110,5A,15.1675024
S5A_111,5A,15.34234258
S5A_112,5A,17.86142282
S5A_113,5A,19.55730326
S5A_114,5A,20.56689823
S5A_115,5A,20.61608425
S5A_116,5A,22.92652926
S5A_117,5A,23.9903484
S5A_118,5A,24.91513351
S5A_119,5A,25.67752858
S5A_120,5A,26.71876272
S5A_121,5A,28.81638011
S5A_122,5A,29.3435372
S5A_123,5A,29.80012661
S5A_124,5A,30.74495273
S5A_125,5A,31.39329116
S5A_126,5A,31.70496903
S5A_127,5A,32.34143956
S5A_128,5A,32.34185394
S5A_129,5A,32.84757046
S5A_130,5A,34.58150655
S5A_131,5A,35.50223139
S5A_132,5A,36.79668317
S5A_133,5A,38.67887262
S5A_134,5A,39.00691695
S5A_135,5A,40.65202262
S5A_136,5A,40.9778371
S5A_137,5A,43.06887443
S5A_138,5A,43.20154335
S5A_139,5A,43.72671613
S5A_140,5A,45.42127877
S5A_141,5A,47.85890398
S5A_142,5A,48.27965432
S5A_143,5A,53.42436001
S5A_144,5A,54.01691011
S5A_145,5A,54.11467198
S5A_146,5A,55.03396829
S5A_147,5A,56.44972732
S5A_148,5A,57.24691836
S5A_149,5A,57.72809233
S5A_150,5A,58.21727442
S5A_151,5A,59.39162899
S5A_152,5A,59.68526928
S5A_153,5A,60.76407797
S5A_154,5A,61.45202012
S5A_155,5A,61.66077575
S5A_156,5A,62.04110711
S5A_157,5A,63.06020374
S5A_158,5A,63.11727745
S5A_159,5A,63.23546881
S5A_160,5A,63.30783942
S5A_161,5A,68.39165483
S5A_162,5A,68.97622401
S5A_163,5A,70.05929748
S5A_164,5A,75.54051753
S5A_165,5A,77.23717422
S5A_166,5A,77.81169586
S5A_167,5A,80.80144577
S5A_168,5A,82.27069537
S5A_169,5A,82.77315411
S5A_170,5A,84.83226678
S5A_171,5A,88.18985777
S5A_172,5A,88.26497463
S5A_173,5A,90.34394931
S5A_174,5A,90.59759129
S5A_175,5A,92.7469643
S5A_176,5A,94.89087323
S5A_177,5A,94.90046754
S5A_178,5A,97.145745
S5A_179,5A,98.91236858
S5A_180,5A,99.13903178
S5A_181,5A,99.18229806
S5A_182,5A,99.35796661
S5A_183,5A,102.4765866
S5A_184,5A,103.0202411
S5A_185,5A,103.2620686
S5A_186,5A,103.7984794
S5A_187,5A,104.4548118
S5A_188,5A,104.6260012
S5A_189,5A,105.3859041
S5A_190,5A,106.0769282
S5A_191,5A,106.3697059
S5A_192,5A,107.3496334
S5A_193,5A,110.2849048
S5A_194,5A,111.3813807
S5A_195,5A,114.2018844
S5A_196,5A,115.156895
S5A_197,5A,115.5802514
S5B_001,5B,0
S5B_002,5B,0
S5B_003,5B,0
S5B_004,5B,0
S5B_005,5B,3.866094606
S5B_006,5B,6.657683497
S5B_007,5B,8.576764442
S5B_008,5B,10.65064411
S5B_009,5B,11.5465835
S5B_010,5B,15.69030308
S5B_011,5B,16.67436682
S5B_012,5B,16.80998659
S5B_013,5B,21.18284331
S5B_014,5B,23.29971025
S5B_015,5B,23.57196044
S5B_016,5B,23.746527
S5B_017,5B,23.88694766
S5B_018,5B,25.05506938
S5B_019,5B,25.58049705
S5B_020,5B,25.64047988
S5B_021,5B,25.99633872
S5B_022,5B,26.09541184
S5B_023,5B,27.68159521
S5B_024,5B,27.93369115
S5B_025,5B,29.5718372
S5B_026,5B,29.842448
S5B_027,5B,29.93864384
S5B_028,5B,30.27702095
S5B_029,5B,30.35500074
S5B_030,5B,30.40460043
S5B_031,5B,30.55980555
S5B_032,5B,30.94354238
S5B_033,5B,31.06132053
S5B_034,5B,31.08739492
S5B_035,5B,31.19658329
S5B_036,5B,31.29509389
S5B_037,5B,31.30769494
S5B_038,5B,31.44840773
S5B_039,5B,31.55907517
S5B_040,5B,31.64012057
S5B_041,5B,31.64933291
S5B_042,5B,31.73531295
S5B_043,5B,31.77724552
S5B_044,5B,31.83795834
S5B_045,5B,31.93206165
S5B_046,5B,31.98149286
S5B_047,5B,32.07314718
S5B_048,5B,32.33241258
S5B_049,5B,32.3365852
S5B_050,5B,32.38162177
S5B_051,5B,32.38904602
S5B_052,5B,32.38988245
S5B_053,5B,32.39131393
S5B_054,5B,32.409681
S5B_055,5B,32.41981845
S5B_056,5B,32.4261033
S5B_057,5B,32.46646648
S5B_058,5B,32.48406662
S5B_059,5B,32.73990288
S5B_060,5B,32.78115315
S5B_061,5B,33.22301881
S5B_062,5B,33.55028282
S5B_063,5B,33.61274735
S5B_064,5B,33.79164883
S5B_065,5B,33.9967142
S5B_066,5B,33.99847904
S5B_067,5B,34.1445668
S5B_068,5B,34.25140237
S5B_069,5B,34.25786887
S5B_070,5B,34.41474288
S5B_071,5B,34.50178352
S5B_072,5B,34.52403959
S5B_073,5B,34.66695042
S5B_074,5B,34.67165725
S5B_075,5B,34.67728577
S5B_076,5B,34.67989286
S5B_077,5B,34.68346409
S5B_078,5B,34.69236888
S5B_079,5B,34.6930721
S5B_080,5B,34.69456382
S5B_081,5B,34.69510095
S5B_082,5B,34.69550208
S5B_083,5B,34.69550998
S5B_084,5B,34.69565746
S5B_085,5B,34.6960598
S5B_086,5B,34.69971191
S5B_087,5B,34.70482941
S5B_088,5B,34.71510665
S5B_089,5B,34.73274555
S5B_090,5B,34.74152311
S5B_091,5B,34.87321113
S5B_092,5B,34.89447944
S5B_093,5B,35.02511894
S5B_094,5B,35.08949148
S5B_095,5B,35.14815283
S5B_096,5B,35.17441765
S5B_097,5B,35.51348003
S5B_098,5B,36.01238309
S5B_099,5B,36.47242662
S5B_100,5B,36.74128959
S5B_101,5B,36.82779531
S5B_102,5B,37.15083524
S5B_103,5B,37.25313086
S5B_104,5B,37.27905308
S5B_105,5B,37.64173358
S5B_106,5B,37.95342161
S5B_107,5B,38.54710893
S5B_108,5B,38.60699629
S5B_109,5B,39.02306496
S5B_110,5B,39.17494181
S5B_111,5B,39.3817336
S5B_112,5B,40.12437643
S5B_113,5B,40.27951544
S5B_114,5B,40.54778419
S5B_115,5B,40.81260988
S5B_116,5B,41.73477493
S5B_117,5B,43.75493895
S5B_118,5B,44.15992364
S5B_119,5B,44.49876927
S5B_120,5B,45.95640881
S5B_121,5B,47.28224141
S5B_122,5B,48.55250254
S5B_123,5B,49.89436852
S5B_124,5B,50.46348192
S5B_125,5B,51.75328181
S5B_126,5B,52.10094502
S5B_127,5B,52.94619945
S5B_128,5B,53.65976731
S5B_129,5B,53.77236831
S5B_130,5B,54.02268779
S5B_131,5B,58.00207437
S5B_132,5B,58.00440896
S5B_133,5B,58.33240672
S5B_134,5B,59.02893584
S5B_135,5B,59.33647532
S5B_136,5B,60.32080501
S5B_137,5B,61.60715475
S5B_138,5B,62.21420018
S5B_139,5B,62.92957191
S5B_140,5B,63.53644057
S5B_141,5B,63.66777235
S5B_142,5B,64.40315535
S5B_143,5B,65.29139293
S5B_144,5B,65.64523723
S5B_145,5B,65.78684471
S5B_146,5B,68.22980177
S5B_147,5B,68.31008558
S5B_148,5B,69.4750189
S5B_149,5B,70.04267406
S5B_150,5B,70.26341002
S5B_151,5B,70.99179733
S5B_152,5B,71.20031325
S5B_153,5B,72.69692509
S5B_154,5B,73.82405787
S5B_155,5B,74.27535434
S5B_156,5B,74.91746022
S5B_157,5B,75.64741555
S5B_158,5B,76.60300019
S5B_159,5B,77.72108514
S5B_160,5B,78.03817047
S5B_161,5B,78.81850438
S5B_162,5B,79.33748681
S5B_163,5B,79.48946921
S5B_164,5B,81.13987804
S5B_165,5B,82.71487819
S5B_166,5B,82.89517386
S5B_167,5B,84.22364909
S5B_168,5B,88.0619204
S5B_169,5B,91.99578477
S5B_170,5B,92.07748275
S5B_171,5B,93.60401021
S5B_172,5B,95.79684681
S5B_173,5B,98.18526209
S5B_174,5B,99.18303061
S5B_175,5B,100.0254444
S5B_176,5B,100.3324022
S5B_177,5B,100.6514296
S5B_178,5B,100.9604513
S5B_179,5B,101.1673259
S5B_180,5B,101.6843159
S5B_181,5B,102.044163
S5B_182,5B,102.5508854
S5B_183,5B,102.655734
S5B_184,5B,103.179459
S5B_185,5B,103.3954039
S5B_186,5B,103.4021347
S5B_187,5B,103.4453782
S5B_188,5B,103.5137812
S5B_189,5B,104.123293
S5B_190,5B,104.146757
S5B_191,5B,104.9389348
S5B_192,5B,105.4157453
S5B_193,5B,107.2411741
S5B_194,5B,107.2448101
S5B_195,5B,107.6054875
S5B_196,5B,108.0670495
S5B_197,5B,108.5063448
S5B_198,5B,108.9680895
S5B_199,5B,109.4315202
S5B_200,5B,109.8062932
S5B_201,5B,110.7064453
S5B_202,5B,110.7818879
S5B_203,5B,111.5062579
S5B_204,5B,112.1749292
S5B_205,5B,113.0453823
S5B_206,5B,114.4059313
S5B_207,5B,115.107533
S5B_208,5B,115.476241
S5B_209,5B,115.9498395
S5B_210,5B,116.4695727
S5B_211,5B,116.5145612
S5B_212,5B,117.2874044
S5B_213,5B,117.7440803
S5B_214,5B,118.1076886
S5B_215,5B,118.7006194
S5B_216,5B,118.8783005
S5B_217,5B,119.2822143
S5B_218,5B,119.5908803
S5B_219,5B,119.5908958
S5B_220,5B,119.9282254
S5B_221,5B,120.0442068
S5B_222,5B,120.5087688
S5B_223,5B,120.7562244
S5B_224,5B,120.8920659
S5B_225,5B,121.6545257
S5B_226,5B,123.3029255
S5B_227,5B,123.9125683
S5B_228,5B,125.2629219
S5B_229,5B,125.5041722
S5B_230,5B,126.5197636
S5B_231,5B,128.1424089
S5B_232,5B,128.2652886
S5B_233,5B,128.4309028
S5B_234,5B,128.4311323
S5B_235,5B,128.6079216
S5B_236,5B,129.4859223
S5B_237,5B,131.0741563
S5B_238,5B,132.64466
S5B_239,5B,133.0584538
S5B_240,5B,133.7459992
S5B_241,5B,134.1163305
S5B_242,5B,134.1163487
S5B_243,5B,134.1257355
S5B_244,5B,134.7708831
S5B_245,5B,135.4133951
S5B_246,5B,135.8338546
S5B_247,5B,137.5934081
S5B_248,5B,140.9437886
S5B_249,5B,141.7663741
S5B_250,5B,142.8816759
S5B_251,5B,144.2887397
S5B_252,5B,145.0571867
S5B_253,5B,145.2733209
S5B_254,5B,147.499474
S5B_255,5B,148.9342965
S5B_256,5B,152.6396553
S5B_257,5B,157.7492079
S5B_258,5B,157.9157145
S5B_259,5B,158.2007223
S5B_260,5B,159.5323816
S5B_261,5B,160.7602455
S5B_262,5B,163.1220296
S5B_263,5B,164.99304
S5B_264,5B,168.6209091
S5B_265,5B,168.6326504
S5D_001,5D,0.498589694
S5D_002,5D,0.79369077
S5D_003,5D,6.445042998
S5D_004,5D,22.44139072
S5D_005,5D,22.54846507
S5D_006,5D,24.2722306
S5D_007,5D,26.7832528
S5D_008,5D,29.24082928
S5D_009,5D,30.7488427
S5D_010,5D,30.99916668
S5D_011,5D,31.86681154
S5D_012,5D,31.87634925
S5D_013,5D,31.96447726
S5D_014,5D,32.11726215
S5D_015,5D,32.15742699
S5D_016,5D,32.2277098
S5D_017,5D,32.3340166
S5D_018,5D,32.7349847
S5D_019,5D,34.14502791
S5D_020,5D,36.58301263
S5D_021,5D,36.58301627
S5D_022,5D,48.52750008
S5D_023,5D,52.57922641
S5D_024,5D,54.29994152
S5D_025,5D,56.38426543
S5D_026,5D,57.78525241
S5D_027,5D,60.31936035
S5D_028,5D,67.50218518
S5D_029,5D,75.37561278
S5D_030,5D,77.11578661
S5D_031,5D,79.38743641
S5D_032,5D,84.29148265
S5D_033,5D,89.15534575
S5D_034,5D,90.16780842
S5D_035,5D,95.17903371
S5D_036,5D,97.38909655
S5D_037,5D,98.22249705
S5D_038,5D,98.27025969
S5D_039,5D,101.2172179
S5D_040,5D,108.4889459
S5D_041,5D,111.9904869
S5D_042,5D,117.3251259
S5D_043,5D,119.5624234
S5D_044,5D,124.6216467
S5D_045,5D,124.9888857
S5D_046,5D,125.1619727
S5D_047,5D,130.4832686
S5D_048,5D,133.3773148
S5D_049,5D,139.0209522
S5D_050,5D,142.9996262
S5D_051,5D,145.3247443
S5D_052,5D,147.1965804
S5D_053,5D,151.3135654
S5D_054,5D,155.8305311
S5D_055,5D,158.5878018
S5D_056,5D,161.015169
S5D_057,5D,166.6229356
S5D_058,5D,167.656932
S5D_059,5D,169.2280632
S5D_060,5D,169.4572258
S5D_061,5D,171.1260209
S5D_062,5D,171.6539261
S5D_063,5D,171.6539642
S5D_064,5D,174.2065369
S5D_065,5D,174.2162135
S5D_066,5D,174.831991
S5D_067,5D,175.1258583
S5D_068,5D,175.2201041
S5D_069,5D,175.453734
S5D_070,5D,176.2711118
S5D_071,5D,176.8685025
S5D_072,5D,177.1811644
S5D_073,5D,179.8639663
S5D_074,5D,180.1695977
S5D_075,5D,180.9915432
S5D_076,5D,183.3966264
S5D_077,5D,185.6566919
S5D_078,5D,186.6129619
S5D_079,5D,189.254817
S6A_001,6A,0
S6A_002,6A,0
S6A_003,6A,0.181105479
S6A_004,6A,2.746783201
S6A_005,6A,3.656846589
S6A_006,6A,4.356416408
S6A_007,6A,4.878937049
S6A_008,6A,6.026854002
S6A_009,6A,6.715340522
S6A_010,6A,6.970671859
S6A_011,6A,7.917515817
S6A_012,6A,8.526337435
S6A_013,6A,11.17136917
S6A_014,6A,11.81532306
S6A_015,6A,12.29190644
S6A_016,6A,12.46864918
S6A_017,6A,13.29397618
S6A_018,6A,13.33019573
S6A_019,6A,14.08576716
S6A_020,6A,15.35604413
S6A_021,6A,17.89747031
S6A_022,6A,17.94747841
S6A_023,6A,17.95188691
S6A_024,6A,20.14067595
S6A_025,6A,20.73387188
S6A_026,6A,21.29767879
S6A_027,6A,21.99445162
S6A_028,6A,22.03688422
S6A_029,6A,22.09814146
S6A_030,6A,22.18547972
S6A_031,6A,25.294046
S6A_032,6A,26.84929529
S6A_033,6A,29.11055985
S6A_034,6A,29.52351058
S6A_035,6A,29.52816853
S6A_036,6A,29.66742846
S6A_037,6A,30.10914831
S6A_038,6A,30.41132004
S6A_039,6A,30.58373016
S6A_040,6A,33.10355412
S6A_041,6A,33.45111566
S6A_042,6A,34.53333229
S6A_043,6A,35.93345514
S6A_044,6A,36.21821991
S6A_045,6A,36.99497068
S6A_046,6A,37.53736512
S6A_047,6A,39.15833051
S6A_048,6A,39.37038061
S6A_049,6A,39.5534648
S6A_050,6A,40.25737153
S6A_051,6A,40.40155722
S6A_052,6A,40.45188297
S6A_053,6A,40.60182901
S6A_054,6A,40.85578958
S6A_055,6A,41.05368919
S6A_056,6A,41.60626233
S6A_057,6A,42.36047751
S6A_058,6A,42.79317874
S6A_059,6A,44.84661897
S6A_060,6A,44.85999482
S6A_061,6A,44.9073144
S6A_062,6A,44.94682378
S6A_063,6A,45.00099824
S6A_064,6A,45.2028153
S6A_065,6A,45.31175568
S6A_066,6A,45.88280411
S6A_067,6A,46.47635068
S6A_068,6A,47.03747125
S6A_069,6A,47.52915104
S6A_070,6A,47.70315161
S6A_071,6A,48.06479627
S6A_072,6A,48.21235567
S6A_073,6A,48.43108124
S6A_074,6A,48.45492946
S6A_075,6A,48.52317867
S6A_076,6A,48.54325443
S6A_077,6A,48.55469113
S6A_078,6A,48.56538332
S6A_079,6A,48.58699945
S6A_080,6A,48.59488375
S6A_081,6A,48.61869431
S6A_082,6A,48.62095393
S6A_083,6A,48.63860365
S6A_084,6A,48.65457465
S6A_085,6A,48.67336754
S6A_086,6A,48.70966674
S6A_087,6A,48.71721523
S6A_088,6A,48.74232972
S6A_089,6A,48.77585261
S6A_090,6A,48.78579115
S6A_091,6A,48.89425568
S6A_092,6A,48.90912837
S6A_093,6A,49.06936949
S6A_094,6A,50.39356283
S6A_095,6A,50.5236185
S6A_096,6A,50.86301606
S6A_097,6A,51.70124165
S6A_098,6A,53.33461343
S6A_099,6A,53.33461973
S6A_100,6A,55.81147062
S6A_101,6A,56.34781722
S6A_102,6A,58.49171662
S6A_103,6A,59.48358278
S6A_104,6A,61.27893784
S6A_105,6A,61.77481954
S6A_106,6A,62.20579606
S6A_107,6A,63.45353124
S6A_108,6A,63.85072052
S6A_109,6A,65.09124228
S6A_110,6A,65.60447753
S6A_111,6A,65.78272538
S6A_112,6A,66.87679409
S6A_113,6A,67.67025109
S6A_114,6A,70.35838302
S6A_115,6A,70.41377043
S6A_116,6A,73.31016618
S6A_117,6A,78.36697376
S6A_118,6A,79.38548378
S6A_119,6A,83.07590246
S6A_120,6A,85.99332911
S6A_121,6A,86.4101259
S6A_122,6A,86.43277453
S6A_123,6A,89.27693455
S6A_124,6A,89.61135033
S6A_125,6A,89.76195448
S6A_126,6A,90.83729862
S6A_127,6A,91.78399009
S6A_128,6A,92.25367473
S6A_129,6A,93.37020732
S6A_130,6A,93.78131815
S6A_131,6A,96.29211085
S6A_132,6A,97.13414979
S6A_133,6A,98.61250216
S6A_134,6A,101.5407721
S6A_135,6A,101.5965778
S6A_136,6A,104.0797315
S6A_137,6A,104.287511
S6A_138,6A,105.9209801
S6A_139,6A,106.3312296
S6A_140,6A,106.7338568
S6A_141,6A,107.6896567
S6A_142,6A,108.3768532
S6A_143,6A,110.5455225
S6A_144,6A,111.9864918
S6A_145,6A,112.0025374
S6A_146,6A,112.8419508
S6A_147,6A,113.7911905
S6B_001,6B,0
S6B_002,6B,0
S6B_003,6B,0
S6B_004,6B,0
S6B_005,6B,0
S6B_006,6B,0
S6B_007,6B,0
S6B_008,6B,0
S6B_009,6B,0.260792089
S6B_010,6B,0.721913135
S6B_011,6B,0.786912386
S6B_012,6B,1.462730056
S6B_013,6B,2.45113942
S6B_014,6B,3.518750605
S6B_015,6B,6.161359884
S6B_016,6B,8.821302214
S6B_017,6B,8.956431585
S6B_018,6B,11.11611861
S6B_019,6B,11.99338306
S6B_020,6B,14.20760196
S6B_021,6B,15.00869349
S6B_022,6B,15.65685057
S6B_023,6B,16.74933536
S6B_024,6B,16.790401
S6B_025,6B,17.6869886
S6B_026,6B,18.66881617
S6B_027,6B,19.79467847
S6B_028,6B,20.35678135
S6B_029,6B,20.95060659
S6B_030,6B,20.95229781
S6B_031,6B,22.31791313
S6B_032,6B,22.55249939
S6B_033,6B,23.6298074
S6B_034,6B,23.71675835
S6B_035,6B,25.20761671
S6B_036,6B,27.00291205
S6B_037,6B,28.54105968
S6B_038,6B,29.57874238
S6B_039,6B,29.97385172
S6B_040,6B,30.5982183
S6B_041,6B,31.06668772
S6B_042,6B,34.58130571
S6B_043,6B,34.72397736
S6B_044,6B,36.34299141
S6B_045,6B,36.42020742
S6B_046,6B,36.69621527
S6B_047,6B,38.32327383
S6B_048,6B,38.3816887
S6B_049,6B,38.44016377
S6B_050,6B,38.60697967
S6B_051,6B,38.64145683
S6B_052,6B,38.76739812
S6B_053,6B,38.86003698
S6B_054,6B,38.98890531
S6B_055,6B,39.32466748
S6B_056,6B,39.49576467
S6B_057,6B,39.86866944
S6B_058,6B,39.97324079
S6B_059,6B,40.23288779
S6B_060,6B,40.37993225
S6B_061,6B,40.3805572
S6B_062,6B,40.44484398
S6B_063,6B,40.52479591
S6B_064,6B,40.74465873
S6B_065,6B,40.93507936
S6B_066,6B,40.94133475
S6B_067,6B,41.40708256
S6B_068,6B,41.47525665
S6B_069,6B,41.52434248
S6B_070,6B,41.61019349
S6B_071,6B,41.83173306
S6B_072,6B,41.90289819
S6B_073,6B,42.29271975
S6B_074,6B,42.45627126
S6B_075,6B,42.70076473
S6B_076,6B,42.79782228
S6B_077,6B,42.84880287
S6B_078,6B,42.91005327
S6B_079,6B,42.9547366
S6B_080,6B,42.96536801
S6B_081,6B,43.00084256
S6B_082,6B,43.27383484
S6B_083,6B,43.29457323
S6B_084,6B,43.359001
S6B_085,6B,43.36345864
S6B_086,6B,43.51069732
S6B_087,6B,43.62712358
S6B_088,6B,43.79148241
S6B_089,6B,44.11786787
S6B_090,6B,44.19170402
S6B_091,6B,44.38322524
S6B_092,6B,44.47858057
S6B_093,6B,44.72254583
S6B_094,6B,44.77766906
S6B_095,6B,45.2653345
S6B_096,6B,45.27541268
S6B_097,6B,45.27803622
S6B_098,6B,45.30120659
S6B_099,6B,45.3125526
S6B_100,6B,45.45339726
S6B_101,6B,45.46534996
S6B_102,6B,45.47820219
S6B_103,6B,45.50949079
S6B_104,6B,45.65651145
S6B_105,6B,46.09158488
S6B_106,6B,46.10500736
S6B_107,6B,46.11844549
S6B_108,6B,46.19537743
S6B_109,6B,46.22223442
S6B_110,6B,46.77617234
S6B_111,6B,46.78309537
S6B_112,6B,46.78779081
S6B_113,6B,46.83306148
S6B_114,6B,46.84273903
S6B_115,6B,46.85406113
S6B_116,6B,46.86195311
S6B_117,6B,46.88239368
S6B_118,6B,46.92261215
S6B_119,6B,46.96977761
S6B_120,6B,46.97161698
S6B_121,6B,46.99562534
S6B_122,6B,47.00270042
S6B_123,6B,47.0027935
S6B_124,6B,47.00286874
S6B_125,6B,47.00295466
S6B_126,6B,47.00305294
S6B_127,6B,47.01637545
S6B_128,6B,47.04861388
S6B_129,6B,47.04985029
S6B_130,6B,47.11024285
S6B_131,6B,47.14636261
S6B_132,6B,47.17785507
S6B_133,6B,47.21320406
S6B_134,6B,47.32498204
S6B_135,6B,47.38325162
S6B_136,6B,47.67551217
S6B_137,6B,47.79130005
S6B_138,6B,47.90133673
S6B_139,6B,48.02927315
S6B_140,6B,48.08440621
S6B_141,6B,48.18303524
S6B_142,6B,48.25429345
S6B_143,6B,48.34293234
S6B_144,6B,48.34412029
S6B_145,6B,48.42028967
S6B_146,6B,48.49013498
S6B_147,6B,48.51003993
S6B_148,6B,48.54315459
S6B_149,6B,48.59873045
S6B_150,6B,48.60254948
S6B_151,6B,48.69844744
S6B_152,6B,48.85770657
S6B_153,6B,48.9768958
S6B_154,6B,49.02281619
S6B_155,6B,49.08079341
S6B_156,6B,49.44306306
S6B_157,6B,49.5141352
S6B_158,6B,49.58675802
S6B_159,6B,49.71079838
S6B_160,6B,50.31800449
S6B_161,6B,51.07813753
S6B_162,6B,51.75800685
S6B_163,6B,51.79433074
S6B_164,6B,52.1568365
S6B_165,6B,52.5312306
S6B_166,6B,52.62940195
S6B_167,6B,53.11082794
S6B_168,6B,54.12984058
S6B_169,6B,54.37189158
S6B_170,6B,54.65469187
S6B_171,6B,54.77830921
S6B_172,6B,54.88657847
S6B_173,6B,54.97265543
S6B_174,6B,55.36977827
S6B_175,6B,55.44140396
S6B_176,6B,55.60210575
S6B_177,6B,55.723514
S6B_178,6B,55.77110201
S6B_179,6B,56.412362
S6B_180,6B,57.16182378
S6B_181,6B,57.28253618
S6B_182,6B,57.74687299
S6B_183,6B,58.20361719
S6B_184,6B,58.7707569
S6B_185,6B,59.79548732
S6B_186,6B,59.91251647
S6B_187,6B,61.0510459
S6B_188,6B,61.07158145
S6B_189,6B,61.25984253
S6B_190,6B,61.81657065
S6B_191,6B,62.86461042
S6B_192,6B,63.37856895
S6B_193,6B,64.48324092
S6B_194,6B,65.16957162
S6B_195,6B,65.20397599
S6B_196,6B,65.77255786
S6B_197,6B,65.80957077
S6B_198,6B,65.88086808
S6B_199,6B,66.49152654
S6B_200,6B,67.7686138
S6B_201,6B,67.76861524
S6B_202,6B,68.34236203
S6B_203,6B,68.44096212
S6B_204,6B,68.4708398
S6B_205,6B,69.22965798
S6B_206,6B,69.68838641
S6B_207,6B,70.17640988
S6B_208,6B,72.14690315
S6B_209,6B,72.14690584
S6B_210,6B,72.31296517
S6B_211,6B,72.71008401
S6B_212,6B,73.2339287
S6B_213,6B,73.62864709
S6B_214,6B,73.94516635
S6B_215,6B,74.84802407
S6B_216,6B,75.26228098
S6B_217,6B,77.02203554
S6B_218,6B,77.31187704
S6B_219,6B,77.80059068
S6B_220,6B,80.32820543
S6B_221,6B,81.63224387
S6B_222,6B,83.79011456
S6B_223,6B,85.26823416
S6B_224,6B,86.41579549
S6B_225,6B,87.19039216
S6B_226,6B,87.69925583
S6B_227,6B,89.430221
S6B_228,6B,90.22917683
S6B_229,6B,91.96562196
S6B_230,6B,92.70873188
S6B_231,6B,93.60698023
S6B_232,6B,96.28073088
S6B_233,6B,97.25214286
S6B_234,6B,101.5073995
S6B_235,6B,102.8455516
S6B_236,6B,105.7953386
S6B_237,6B,105.9754933
S6B_238,6B,107.3133142
S6B_239,6B,107.6867543
S6B_240,6B,109.1247514
S6B_241,6B,109.1720906
S6B_242,6B,111.5301063
S6B_243,6B,111.5701217
S6B_244,6B,112.8346184
S6B_245,6B,114.1773791
S6B_246,6B,114.2542437
S6D_001,6D,0
S6D_002,6D,1.105368897
S6D_003,6D,4.29474788
S6D_004,6D,6.336387092
S6D_005,6D,6.435243049
S6D_006,6D,8.328372308
S6D_007,6D,10.12230348
S6D_008,6D,12.80956842
S6D_009,6D,14.69109622
S6D_010,6D,19.6066511
S6D_011,6D,21.78111129
S6D_012,6D,22.89453991
S6D_013,6D,27.30149848
S6D_014,6D,28.16154461
S6D_015,6D,28.38307505
S6D_016,6D,28.46323421
S6D_017,6D,29.57369429
S6D_018,6D,30.53475368
S6D_019,6D,30.65376148
S6D_020,6D,32.05530421
S6D_021,6D,32.9144684
S6D_022,6D,34.73777007
S6D_023,6D,35.89865134
S6D_024,6D,37.00389411
S6D_025,6D,38.07755038
S6D_026,6D,39.17117427
S6D_027,6D,42.09356558
S6D_028,6D,42.14820309
S6D_029,6D,42.18292522
S6D_030,6D,45.52506854
S6D_031,6D,47.67676878
S6D_032,6D,48.08065769
S6D_033,6D,56.07439645
S6D_034,6D,59.69601168
S6D_035,6D,64.30274846
S6D_036,6D,64.53122504
S6D_037,6D,64.66166845
S6D_038,6D,67.23800407
S6D_039,6D,67.69650663
S6D_040,6D,68.36521101
S6D_041,6D,68.36613081
S6D_042,6D,68.40704272
S6D_043,6D,68.52539314
S6D_044,6D,69.56350849
S6D_045,6D,70.50271753
S6D_046,6D,71.71295256
S6D_047,6D,71.88860825
S6D_048,6D,72.10778738
S6D_049,6D,74.40865341
S6D_050,6D,75.09716944
S6D_051,6D,76.62970722
S6D_052,6D,77.55673571
S6D_053,6D,77.70986893
S6D_054,6D,77.7947253
S6D_055,6D,78.51141649
S6D_056,6D,79.72653079
S6D_057,6D,81.74982366
S6D_058,6D,85.18172604
S6D_059,6D,85.99331177
S6D_060,6D,102.3904186
S6D_061,6D,109.7533555
S6D_062,6D,109.7704237
S6D_063,6D,122.9337318
S6D_064,6D,129.6761569
S6D_065,6D,130.3807787
S6D_066,6D,131.3125618
S6D_067,6D,132.996981
S6D_068,6D,134.3986409
S6D_069,6D,140.3137961
S6D_070,6D,143.5407267
S6D_071,6D,144.6813748
S6D_072,6D,148.4803001
S6D_073,6D,151.7944205
S7A_001,7A,0
S7A_002,7A,0
S7A_003,7A,0
S7A_004,7A,0
S7A_005,7A,0
S7A_006,7A,0.451827144
S7A_007,7A,0.458296737
S7A_008,7A,1.020298002
S7A_009,7A,1.478679518
S7A_010,7A,1.478702743
S7A_011,7A,2.379994706
S7A_012,7A,2.43702728
S7A_013,7A,3.26786585
S7A_014,7A,3.282281804
S7A_015,7A,3.371564124
S7A_016,7A,3.669889074
S7A_017,7A,4.904290228
S7A_018,7A,6.555421206
S7A_019,7A,7.803762505
S7A_020,7A,8.53477624
S7A_021,7A,8.676828362
S7A_022,7A,8.901891797
S7A_023,7A,11.77010076
S7A_024,7A,12.45509972
S7A_025,7A,12.76046485
S7A_026,7A,12.7604727
S7A_027,7A,13.44008411
S7A_028,7A,14.53319081
S7A_029,7A,16.98587096
S7A_030,7A,17.94375712
S7A_031,7A,19.16824252
S7A_032,7A,19.95681335
S7A_033,7A,19.98583678
S7A_034,7A,20.0965717
S7A_035,7A,21.39717318
S7A_036,7A,22.68096321
S7A_037,7A,23.06377176
S7A_038,7A,23.75223649
S7A_039,7A,25.12267912
S7A_040,7A,30.73590396
S7A_041,7A,31.54351044
S7A_042,7A,31.81340732
S7A_043,7A,32.36116452
S7A_044,7A,32.987198
S7A_045,7A,33.24136016
S7A_046,7A,33.91001438
S7A_047,7A,34.5076914
S7A_048,7A,34.6299683
S7A_049,7A,36.76376154
S7A_050,7A,38.26035615
S7A_051,7A,38.33243967
S7A_052,7A,39.03056858
S7A_053,7A,41.43237701
S7A_054,7A,42.16358722
S7A_055,7A,43.29998576
S7A_056,7A,46.07533939
S7A_057,7A,46.47901774
S7A_058,7A,46.91568416
S7A_059,7A,48.91732249
S7A_060,7A,49.70676294
S7A_061,7A,50.48623304
S7A_062,7A,50.59483279
S7A_063,7A,51.24345238
S7A_064,7A,52.23726115
S7A_065,7A,52.81589837
S7A_066,7A,52.86107017
S7A_067,7A,52.96030132
S7A_068,7A,56.04124438
S7A_069,7A,56.64807
S7A_070,7A,57.72914665
S7A_071,7A,58.30711192
S7A_072,7A,58.62724356
S7A_073,7A,58.62725459
S7A_074,7A,59.03947285
S7A_075,7A,59.27699478
S7A_076,7A,60.04064966
S7A_077,7A,60.36972218
S7A_078,7A,60.52344018
S7A_079,7A,60.94946327
S7A_080,7A,61.92078342
S7A_081,7A,62.03207373
S7A_082,7A,62.4936528
S7A_083,7A,62.74108104
S7A_084,7A,63.39655754
S7A_085,7A,63.53312683
S7A_086,7A,68.06167769
S7A_087,7A,68.53117255
S7A_088,7A,68.58251599
S7A_089,7A,69.36652068
S7A_090,7A,69.99502355
S7A_091,7A,70.32360913
S7A_092,7A,70.44490921
S7A_093,7A,70.55064804
S7A_094,7A,70.55593256
S7A_095,7A,70.5739394
S7A_096,7A,70.59941441
S7A_097,7A,70.60802133
S7A_098,7A,70.61707551
S7A_099,7A,70.62410408
S7A_100,7A,70.62995287
S7A_101,7A,70.63113832
S7A_102,7A,70.63200906
S7A_103,7A,70.63201464
S7A_104,7A,70.64634177
S7A_105,7A,70.64907793
S7A_106,7A,70.68239526
S7A_107,7A,70.71376012
S7A_108,7A,70.74699925
S7A_109,7A,70.7469994
S7A_110,7A,70.78918219
S7A_111,7A,71.08262441
S7A_112,7A,71.22011676
S7A_113,7A,71.22011931
S7A_114,7A,71.35488754
S7A_115,7A,71.43737927
S7A_116,7A,71.45534949
S7A_117,7A,71.45534959
S7A_118,7A,71.70183907
S7A_119,7A,71.97583745
S7A_120,7A,72.03136363
S7A_121,7A,72.23058968
S7A_122,7A,72.24737139
S7A_123,7A,72.31536465
S7A_124,7A,72.35460001
S7A_125,7A,72.37167488
S7A_126,7A,72.52000862
S7A_127,7A,72.52451789
S7A_128,7A,72.81380312
S7A_129,7A,73.44026247
S7A_130,7A,73.48099861
S7A_131,7A,73.5192542
S7A_132,7A,73.55260602
S7A_133,7A,73.59607471
S7A_134,7A,73.8208873
S7A_135,7A,73.95234777
S7A_136,7A,74.02294732
S7A_137,7A,74.04580417
S7A_138,7A,74.15620357
S7A_139,7A,74.18746797
S7A_140,7A,74.25661606
S7A_141,7A,74.2967156
S7A_142,7A,74.3434951
S7A_143,7A,74.36648143
S7A_144,7A,74.39974133
S7A_145,7A,74.54740363
S7A_146,7A,74.59259107
S7A_147,7A,74.66790565
S7A_148,7A,74.70154164
S7A_149,7A,74.72492099
S7A_150,7A,74.83544063
S7A_151,7A,74.83544063
S7A_152,7A,74.8354826
S7A_153,7A,74.83556291
S7A_154,7A,74.8358002
S7A_155,7A,74.83743135
S7A_156,7A,74.84446924
S7A_157,7A,74.86985043
S7A_158,7A,74.87256162
S7A_159,7A,74.89554821
S7A_160,7A,74.90616435
S7A_161,7A,75.11458156
S7A_162,7A,75.13847654
S7A_163,7A,75.17695066
S7A_164,7A,75.37178315
S7A_165,7A,75.42502348
S7A_166,7A,75.56704351
S7A_167,7A,75.60009473
S7A_168,7A,76.50067829
S7A_169,7A,76.67568257
S7A_170,7A,76.82980508
S7A_171,7A,76.95611398
S7A_172,7A,77.04803527
S7A_173,7A,77.28448793
S7A_174,7A,77.50554847
S7A_175,7A,78.33645024
S7A_176,7A,78.85862469
S7A_177,7A,82.08699332
S7A_178,7A,82.43277337
S7A_179,7A,83.22659016
S7A_180,7A,83.49000553
S7A_181,7A,83.81186783
S7A_182,7A,84.70547785
S7A_183,7A,85.15693674
S7A_184,7A,85.42460221
S7A_185,7A,85.42462271
S7A_186,7A,85.74251794
S7A_187,7A,85.866451
S7A_188,7A,85.98023744
S7A_189,7A,87.01661846
S7A_190,7A,87.87819704
S7A_191,7A,88.9383331
S7A_192,7A,89.91976886
S7A_193,7A,89.98342395
S7A_194,7A,90.33313429
S7A_195,7A,90.83641924
S7A_196,7A,90.84871231
S7A_197,7A,91.33526629
S7A_198,7A,91.34310034
S7A_199,7A,91.53359487
S7A_200,7A,92.08935302
S7A_201,7A,92.28754139
S7A_202,7A,92.44578898
S7A_203,7A,92.91552109
S7A_204,7A,93.35987321
S7A_205,7A,94.01194261
S7A_206,7A,96.40651238
S7A_207,7A,96.84433412
S7A_208,7A,97.08065798
S7A_209,7A,98.71764606
S7A_210,7A,99.88078357
S7A_211,7A,99.93192714
S7A_212,7A,100.3902299
S7A_213,7A,100.4102699
S7A_214,7A,103.0371652
S7A_215,7A,106.7753002
S7A_216,7A,106.9736384
S7A_217,7A,107.0016107
S7A_218,7A,107.27737
S7A_219,7A,107.3537552
S7A_220,7A,108.0867242
S7A_221,7A,108.6094159
S7A_222,7A,108.7721803
S7A_223,7A,109.0707455
S7A_224,7A,110.3155101
S7A_225,7A,110.4860073
S7A_226,7A,115.0577439
S7A_227,7A,116.517299
S7A_228,7A,116.5607933
S7A_229,7A,117.7655876
S7A_230,7A,118.5411894
S7A_231,7A,119.1367457
S7A_232,7A,119.9875565
S7A_233,7A,120.6390924
S7A_234,7A,120.7936984
S7A_235,7A,120.9502027
S7A_236,7A,121.1067145
S7A_237,7A,121.6388706
S7A_238,7A,122.4056572
S7A_239,7A,122.4645638
S7A_240,7A,122.9534476
S7A_241,7A,122.9996724
S7A_242,7A,123.1430448
S7A_243,7A,123.3785576
S7A_244,7A,123.717196
S7A_245,7A,123.8896109
S7A_246,7A,125.2417874
S7A_247,7A,125.9432019
S7A_248,7A,129.1181998
S7A_249,7A,129.4330557
S7A_250,7A,130.4329411
S7A_251,7A,130.4498254
S7A_252,7A,130.4715273
S7A_253,7A,130.4965587
S7A_254,7A,131.4083432
S7A_255,7A,131.5800818
S7A_256,7A,132.2197352
S7A_257,7A,132.2556047
S7A_258,7A,132.5288138
S7A_259,7A,133.5246154
S7A_260,7A,133.6846352
S7A_261,7A,136.6117933
S7A_262,7A,136.7276561
S7A_263,7A,137.4621007
S7A_264,7A,138.6128598
S7A_265,7A,139.262302
S7A_266,7A,140.6725807
S7A_267,7A,142.1364169
S7A_268,7A,142.191462
S7A_269,7A,142.5139985
S7A_270,7A,142.8236009
S7A_271,7A,143.6505345
S7A_272,7A,144.1134243
S7A_273,7A,147.5093634
S7A_274,7A,148.8226451
S7A_275,7A,150.4562121
S7A_276,7A,150.8592422
S7A_277,7A,151.1344535
S7A_278,7A,152.2005537
S7A_279,7A,153.4522464
S7A_280,7A,153.7652972
S7A_281,7A,154.4629475
S7A_282,7A,154.4925459
S7A_283,7A,154.5782965
S7B_001,7B,5.230489612
S7B_002,7B,7.942060475
S7B_003,7B,11.10857312
S7B_004,7B,11.14426282
S7B_005,7B,11.41820891
S7B_006,7B,15.18221999
S7B_007,7B,16.85680808
S7B_008,7B,17.15259765
S7B_009,7B,18.11634554
S7B_010,7B,20.42938622
S7B_011,7B,21.91239611
S7B_012,7B,24.06484295
S7B_013,7B,24.09490915
S7B_014,7B,24.35982329
S7B_015,7B,24.98693478
S7B_016,7B,25.30039323
S7B_017,7B,32.19161232
S7B_018,7B,32.56443899
S7B_019,7B,33.00076132
S7B_020,7B,33.04215022
S7B_021,7B,33.48953182
S7B_022,7B,33.94400308
S7B_023,7B,34.07811073
S7B_024,7B,34.47969056
S7B_025,7B,34.97782059
S7B_026,7B,35.16315092
S7B_027,7B,35.16316041
S7B_028,7B,35.42885344
S7B_029,7B,35.65231134
S7B_030,7B,36.11746886
S7B_031,7B,36.50110586
S7B_032,7B,36.69341412
S7B_033,7B,36.85963899
S7B_034,7B,36.94696229
S7B_035,7B,37.40455813
S7B_036,7B,37.69024793
S7B_037,7B,38.45764041
S7B_038,7B,38.95854381
S7B_039,7B,39.54426443
S7B_040,7B,40.3132767
S7B_041,7B,40.71029797
S7B_042,7B,42.47569836
S7B_043,7B,42.67904807
S7B_044,7B,43.50914821
S7B_045,7B,43.6040332
S7B_046,7B,44.34058045
S7B_047,7B,44.61506245
S7B_048,7B,45.09604733
S7B_049,7B,45.41271537
S7B_050,7B,45.57665867
S7B_051,7B,45.62444202
S7B_052,7B,46.7137904
S7B_053,7B,47.28625405
S7B_054,7B,47.69867559
S7B_055,7B,48.73099209
S7B_056,7B,48.87370679
S7B_057,7B,49.38383381
S7B_058,7B,50.04619555
S7B_059,7B,50.59819704
S7B_060,7B,50.83885282
S7B_061,7B,51.32650555
S7B_062,7B,51.68873296
S7B_063,7B,51.82440356
S7B_064,7B,52.03741198
S7B_065,7B,52.20437809
S7B_066,7B,52.39302712
S7B_067,7B,53.48029577
S7B_068,7B,53.56189976
S7B_069,7B,54.04563757
S7B_070,7B,54.09101389
S7B_071,7B,54.14297082
S7B_072,7B,54.26991718
S7B_073,7B,54.27154294
S7B_074,7B,54.29191038
S7B_075,7B,54.29315611
S7B_076,7B,54.29316092
S7B_077,7B,54.29419511
S7B_078,7B,54.29780032
S7B_079,7B,54.31730246
S7B_080,7B,54.42176062
S7B_081,7B,54.48527561
S7B_082,7B,54.61864327
S7B_083,7B,54.64517358
S7B_084,7B,54.6675564
S7B_085,7B,54.69574351
S7B_086,7B,54.77485431
S7B_087,7B,54.83335517
S7B_088,7B,54.99497485
S7B_089,7B,55.26803173
S7B_090,7B,55.37162162
S7B_091,7B,55.51083786
S7B_092,7B,55.59863574
S7B_093,7B,56.67466841
S7B_094,7B,57.02249851
S7B_095,7B,57.44988449
S7B_096,7B,57.75188351
S7B_097,7B,58.33355332
S7B_098,7B,58.63787405
S7B_099,7B,58.88229711
S7B_100,7B,59.28957976
S7B_101,7B,59.30804963
S7B_102,7B,59.36358069
S7B_103,7B,59.43268158
S7B_104,7B,59.48576111
S7B_105,7B,59.49818198
S7B_106,7B,59.51021071
S7B_107,7B,59.51527966
S7B_108,7B,59.51535739
S7B_109,7B,59.51536144
S7B_110,7B,59.51536309
S7B_111,7B,59.5739526
S7B_112,7B,59.59535894
S7B_113,7B,59.63529481
S7B_114,7B,59.71442457
S7B_115,7B,59.71913012
S7B_116,7B,59.84525859
S7B_117,7B,59.94296974
S7B_118,7B,60.03830477
S7B_119,7B,60.10198254
S7B_120,7B,60.35087062
S7B_121,7B,60.40480612
S7B_122,7B,60.56534195
S7B_123,7B,60.88349295
S7B_124,7B,60.96869352
S7B_125,7B,61.00485529
S7B_126,7B,61.23302255
S7B_127,7B,61.53750177
S7B_128,7B,61.54864114
S7B_129,7B,61.58785864
S7B_130,7B,61.78674678
S7B_131,7B,63.43430061
S7B_132,7B,63.93715055
S7B_133,7B,63.99860429
S7B_134,7B,64.87630168
S7B_135,7B,65.45745362
S7B_136,7B,65.993791
S7B_137,7B,66.44935037
S7B_138,7B,67.50252196
S7B_139,7B,69.04789518
S7B_140,7B,69.53396046
S7B_141,7B,69.76732175
S7B_142,7B,73.07057904
S7B_143,7B,73.74661314
S7B_144,7B,74.03696793
S7B_145,7B,75.10531105
S7B_146,7B,75.41696848
S7B_147,7B,75.83766712
S7B_148,7B,76.52362966
S7B_149,7B,76.53793409
S7B_150,7B,76.55776007
S7B_151,7B,77.18062858
S7B_152,7B,77.88737666
S7B_153,7B,78.36656922
S7B_154,7B,81.12897813
S7B_155,7B,81.26348278
S7B_156,7B,81.74960509
S7B_157,7B,81.91286728
S7B_158,7B,82.84968239
S7B_159,7B,86.95065765
S7B_160,7B,89.05650373
S7B_161,7B,90.04337424
S7B_162,7B,94.00606649
S7B_163,7B,97.45472454
S7B_164,7B,98.28150986
S7B_165,7B,99.64752569
S7B_166,7B,101.4519717
S7B_167,7B,102.787286
S7B_168,7B,104.116926
S7B_169,7B,105.0306562
S7B_170,7B,107.073527
S7B_171,7B,107.1610171
S7B_172,7B,107.1954783
S7B_173,7B,108.2938555
S7B_174,7B,108.5068937
S7B_175,7B,109.655263
S7B_176,7B,111.2762681
S7B_177,7B,111.7484142
S7B_178,7B,112.1902879
S7B_179,7B,112.7416348
S7B_180,7B,113.488394
S7B_181,7B,114.1006931
S7B_182,7B,115.3729536
S7B_183,7B,115.4147441
S7B_184,7B,115.8810814
S7B_185,7B,116.4124579
S7B_186,7B,117.1420262
S7B_187,7B,117.3775947
S7B_188,7B,117.6944319
S7B_189,7B,118.5626281
S7B_190,7B,118.6656761
S7B_191,7B,118.9212301
S7B_192,7B,119.0310356
S7B_193,7B,119.2978818
S7B_194,7B,119.4396459
S7B_195,7B,119.4501796
S7B_196,7B,120.8497905
S7B_197,7B,121.0889785
S7B_198,7B,121.842268
S7B_199,7B,122.2094455
S7B_200,7B,122.3065991
S7B_201,7B,122.3261075
S7B_202,7B,122.9103654
S7B_203,7B,124.0047394
S7B_204,7B,124.4756185
S7B_205,7B,124.4775422
S7B_206,7B,125.0545493
S7B_207,7B,125.1290468
S7B_208,7B,126.3255679
S7B_209,7B,126.9194541
S7B_210,7B,127.1955105
S7B_211,7B,127.7985319
S7B_212,7B,127.8252608
S7B_213,7B,128.184757
S7D_001,7D,0
S7D_002,7D,0
S7D_003,7D,0
S7D_004,7D,0
S7D_005,7D,0.754877044
S7D_006,7D,0.865633876
S7D_007,7D,1.521342337
S7D_008,7D,1.670512784
S7D_009,7D,2.67850444
S7D_010,7D,3.739930343
S7D_011,7D,5.820394644
S7D_012,7D,8.970563259
S7D_013,7D,10.61676848
S7D_014,7D,13.6612952
S7D_015,7D,16.3176082
S7D_016,7D,16.63795046
S7D_017,7D,19.57437309
S7D_018,7D,21.33572597
S7D_019,7D,29.17788228
S7D_020,7D,30.74547133
S7D_021,7D,34.47723265
S7D_022,7D,36.48009066
S7D_023,7D,45.19956011
S7D_024,7D,49.40160333
S7D_025,7D,50.7305317
S7D_026,7D,52.40306522
S7D_027,7D,54.68144009
S7D_028,7D,55.83828904
S7D_029,7D,55.99961232
S7D_030,7D,58.3399114
S7D_031,7D,60.6840383
S7D_032,7D,61.68064163
S7D_033,7D,75.27803654
S7D_034,7D,76.81620095
S7D_035,7D,77.9548798
S7D_036,7D,77.96419823
S7D_037,7D,78.02677754
S7D_038,7D,78.70726612
S7D_039,7D,80.20725641
S7D_040,7D,83.84904516
S7D_041,7D,84.65070977
S7D_042,7D,89.89722578
S7D_043,7D,90.22049773
S7D_044,7D,91.03676575
S7D_045,7D,91.15990194
S7D_046,7D,91.25631834
S7D_047,7D,92.41403426
S7D_048,7D,93.36654645
S7D_049,7D,93.37003027
S7D_050,7D,94.18271761
S7D_051,7D,94.32387
S7D_052,7D,94.97404643
S7D_053,7D,95.80112485
S7D_054,7D,95.8863161
S7D_055,7D,96.51464953
S7D_056,7D,97.72000224
S7D_057,7D,97.78902944
S7D_058,7D,99.25739412
S7D_059,7D,99.57676446
S7D_060,7D,99.63360082
S7D_061,7D,99.9109925
S7D_062,7D,100.6857862
S7D_063,7D,100.8824115
S7D_064,7D,100.9327328
S7D_065,7D,101.1513003
S7D_066,7D,101.315134
S7D_067,7D,101.7347781
S7D_068,7D,108.4806723
S7D_069,7D,112.7960642
S7D_070,7D,113.9089327
S7D_071,7D,115.1647571
S7D_072,7D,116.2880577
S7D_073,7D,125.0198609
S7D_074,7D,128.6952059
S7D_075,7D,129.4880896
S7D_076,7D,130.6439652
S7D_077,7D,136.1294454
S7D_078,7D,136.3352601
S7D_079,7D,137.3494876
S7D_080,7D,139.2878258
S7D_081,7D,155.4917665
S7D_082,7D,155.5847519
S7D_083,7D,155.7581543
S7D_084,7D,160.2069947
S7D_085,7D,162.6822247
S7D_086,7D,165.5693436
S7D_087,7D,171.7664474
S7D_088,7D,177.5549544
S7D_089,7D,177.6981826
S7D_090,7D,179.8505892
S7D_091,7D,185.6887497
S7D_092,7D,186.5347252
S7D_093,7D,187.6519236
S7D_094,7D,190.9859548
S7D_095,7D,192.0853673
S7D_096,7D,196.7833451
S7D_097,7D,197.6973462
S7D_098,7D,201.6227374
S7D_099,7D,201.9468166
S7D_100,7D,204.6435171
S7D_101,7D,204.8914816