"Parent1","Parent2","Yield_param.df.Par1","Yield_param.df.Par2","Yield_param.df.midPar.Pheno","Yield_param.df.midPar.GEBV","Yield_param.df.pred.mu","Yield_param.df.pred.mu_sd","Yield_param.df.pred.varG","Yield_param.df.pred.varG_sd","Yield_param.df.mu.sp_low","Yield_param.df.mu.sp_high","Yield_param.df.low.resp_DON","Yield_param.df.high.resp_DON","Yield_param.df.cor_w._DON","DON_param.df.Par1","DON_param.df.Par2","DON_param.df.midPar.Pheno","DON_param.df.midPar.GEBV","DON_param.df.pred.mu","DON_param.df.pred.mu_sd","DON_param.df.pred.varG","DON_param.df.pred.varG_sd","DON_param.df.mu.sp_low","DON_param.df.mu.sp_high","DON_param.df.low.resp_Yield","DON_param.df.high.resp_Yield","DON_param.df.cor_w._Yield"
"GA001","GA002","GA001","GA002",NA,69.43,69.4,0.23,7.9,0.82,64.57,74.27,7.37,9.66,0.37,"GA001","GA002",NA,8.52,8.5,0.11,3.19,0.42,5.35,11.58,67.61,71.17,0.37
"GA001","GA159","GA001","GA159",NA,72.12,72.1,0.18,4.33,0.37,68.5,75.75,13.17,13.47,0.06,"GA001","GA159",NA,13.38,13.35,0.09,1.86,0.21,11.02,15.73,71.89,72.35,0.06
"GA001","GA164","GA001","GA164",NA,70.09,70.08,0.23,6.78,0.64,65.58,74.59,12.29,12.62,0.05,"GA001","GA164",NA,12.55,12.51,0.09,2.04,0.23,10.04,15,69.82,70.23,0.05
"GA001","LA136","GA001","LA136",NA,73.86,73.84,0.13,3.11,0.29,70.76,76.9,9.66,10.68,0.19,"GA001","LA136",NA,10.22,10.21,0.08,2.37,0.16,7.55,12.89,73.23,74.36,0.19
"GA001","LA137","GA001","LA137",NA,72.01,71.99,0.2,5,0.55,68.14,75.91,12.34,13.17,0.17,"GA001","LA137",NA,12.82,12.8,0.08,1.96,0.22,10.38,15.24,71.47,72.63,0.17
"GA001","LA143","GA001","LA143",NA,71.71,71.7,0.18,4.81,0.36,68,75.52,12.24,12.29,0.01,"GA001","LA143",NA,12.32,12.33,0.08,1.24,0.12,10.39,14.26,71.67,71.72,0.01
"GA001","LA144","GA001","LA144",NA,70.56,70.52,0.19,8.23,0.74,65.55,75.44,9.94,11.43,0.29,"GA001","LA144",NA,10.69,10.67,0.08,2.23,0.22,8.09,13.26,68.99,71.78,0.29
"GA001","MD001","GA001","MD001",NA,70.05,70.05,0.16,5.29,0.62,66.02,74,9.8,11.66,0.35,"GA001","MD001",NA,10.74,10.73,0.09,2.02,0.19,8.27,13.21,68.59,71.44,0.35
"GA001","MD002","GA001","MD002",NA,71.02,71.02,0.18,5.96,0.5,66.74,75.23,10.98,11.65,0.13,"GA001","MD002",NA,11.2,11.19,0.1,2.27,0.24,8.55,13.78,70.28,71.59,0.13
"GA001","MD033","GA001","MD033",NA,72.48,72.48,0.2,6.95,0.72,67.88,77.04,12.17,13.69,0.29,"GA001","MD033",NA,12.97,12.94,0.09,2.28,0.24,10.31,15.54,71.18,73.8,0.29
"GA001","MD034","GA001","MD034",NA,70.45,70.46,0.21,6.18,0.69,66.23,74.83,8.81,10.62,0.31,"GA001","MD034",NA,9.82,9.78,0.12,2.51,0.34,7,12.51,69.15,71.8,0.31
"GA001","NC103","GA001","NC103",NA,74.7,74.66,0.17,6.83,0.62,70.07,79.16,9.29,11.11,0.36,"GA001","NC103",NA,10.26,10.24,0.08,2.22,0.23,7.64,12.84,73.02,76.3,0.36
"GA001","NC104","GA001","NC104",NA,69.48,69.53,0.22,9.47,0.79,64.18,74.77,10.31,11.47,0.26,"GA001","NC104",NA,10.91,10.88,0.08,1.66,0.15,8.63,13.1,68.01,70.84,0.26
"GA001","NC107","GA001","NC107",NA,71.87,71.86,0.13,5.8,0.66,67.66,75.99,9.89,10.96,0.23,"GA001","NC107",NA,10.37,10.37,0.08,1.84,0.21,8.04,12.75,70.89,72.95,0.23
"GA001","NC108","GA001","NC108",NA,70.95,70.95,0.22,9.27,0.83,65.67,76.16,10.51,11.76,0.27,"GA001","NC108",NA,11.15,11.12,0.06,1.7,0.17,8.86,13.4,69.45,72.37,0.27
"GA001","NC109","GA001","NC109",NA,72,71.99,0.15,6.48,0.66,67.55,76.39,7.89,10.19,0.4,"GA001","NC109",NA,9,9,0.1,2.53,0.25,6.24,11.78,70.27,73.84,0.4
"GA001","NC120","GA001","NC120",NA,73.03,73.01,0.15,4.8,0.4,69.2,76.8,9.41,11.33,0.38,"GA001","NC120",NA,10.38,10.36,0.09,2.05,0.24,7.88,12.87,71.57,74.45,0.38
"GA001","SC001","GA001","SC001",NA,74.11,74.08,0.14,4.06,0.44,70.59,77.6,12.09,12.71,0.2,"GA001","SC001",NA,12.46,12.43,0.07,0.98,0.1,10.69,14.13,73.35,74.69,0.2
"GA001","SC004","GA001","SC004",NA,73.26,73.19,0.18,4.23,0.47,69.69,76.77,12.39,13.38,0.22,"GA001","SC004",NA,12.91,12.88,0.1,2.11,0.17,10.39,15.38,72.53,73.98,0.22
"GA001","SC005","GA001","SC005",NA,75.11,75.05,0.17,4.95,0.56,71.12,78.89,10.1,11.77,0.33,"GA001","SC005",NA,10.93,10.91,0.11,2,0.23,8.49,13.37,73.78,76.28,0.33
"GA001","SC037","GA001","SC037",NA,73.15,73.09,0.17,5.85,0.63,68.91,77.25,10.06,11.13,0.23,"GA001","SC037",NA,10.61,10.61,0.09,2.19,0.23,8.07,13.16,72.15,74.14,0.23
"GA001","TX017","GA001","TX017",NA,70.64,70.65,0.19,4.69,0.38,66.91,74.46,10.73,11.43,0.16,"GA001","TX017",NA,11.1,11.08,0.09,2.13,0.19,8.58,13.61,70.16,71.27,0.16
"GA001","TX018","GA001","TX018",NA,70.79,70.79,0.2,8.05,0.76,65.88,75.68,10.78,11.78,0.22,"GA001","TX018",NA,11.32,11.29,0.08,1.93,0.21,8.87,13.7,69.81,71.75,0.22
"GA001","TX021","GA001","TX021",NA,72.1,72.14,0.17,3.62,0.37,68.8,75.43,13.35,13.1,-0.06,"GA001","TX021",NA,13.28,13.25,0.07,1.12,0.09,11.41,15.09,72.28,71.91,-0.06
"GA001","TX023","GA001","TX023",NA,73.17,73.19,0.18,3.1,0.26,70.1,76.17,11.8,12.03,0.06,"GA001","TX023",NA,11.9,11.91,0.06,1.08,0.1,10.1,13.71,72.96,73.34,0.06
"GA001","VA028","GA001","VA028",NA,73.56,73.55,0.15,4.48,0.44,69.81,77.2,9.47,10.69,0.26,"GA001","VA028",NA,10.08,10.09,0.08,2.03,0.18,7.6,12.56,72.63,74.58,0.26
"GA001","VA029","GA001","VA029",NA,71.19,71.19,0.17,5.49,0.6,67.14,75.26,9.02,9.87,0.16,"GA001","VA029",NA,9.48,9.47,0.09,2.34,0.23,6.81,12.11,70.45,71.77,0.16
"GA001","VA031","GA001","VA031",NA,73.6,73.57,0.14,5.05,0.44,69.65,77.44,10.53,12.14,0.39,"GA001","VA031",NA,11.36,11.35,0.08,1.39,0.13,9.26,13.36,72.09,75.11,0.39
"GA001","VA157","GA001","VA157",NA,73.25,73.23,0.14,3.93,0.38,69.78,76.67,9.79,11.03,0.24,"GA001","VA157",NA,10.44,10.43,0.09,2.18,0.19,7.85,12.97,72.34,74.06,0.24
"GA002","GA159","GA002","GA159",NA,67.94,67.95,0.18,7,0.77,63.34,72.51,8.87,10.88,0.37,"GA002","GA159",NA,9.89,9.89,0.13,2.43,0.24,7.21,12.62,66.25,69.55,0.37
"GA002","GA164","GA002","GA164",NA,65.91,65.91,0.14,4.92,0.38,62.09,69.78,8.59,9.4,0.17,"GA002","GA164",NA,9.06,9.04,0.1,2.03,0.15,6.57,11.52,65.27,66.61,0.17
"GA002","LA136","GA002","LA136",NA,69.68,69.67,0.18,6.91,0.57,65.13,74.23,5.67,7.77,0.45,"GA002","LA136",NA,6.73,6.73,0.08,1.95,0.22,4.3,9.16,67.73,71.68,0.45
"GA002","LA137","GA002","LA137",NA,67.83,67.83,0.15,6.55,0.59,63.36,72.27,8.54,10.06,0.29,"GA002","LA137",NA,9.33,9.33,0.1,2.34,0.26,6.65,11.98,66.61,69.17,0.29
"GA002","LA143","GA002","LA143",NA,67.53,67.54,0.16,6.55,0.55,63.02,71.91,8.15,9.57,0.23,"GA002","LA143",NA,8.83,8.85,0.12,2.86,0.27,5.94,11.84,66.5,68.63,0.23
"GA002","LA144","GA002","LA144",NA,66.38,66.39,0.17,6.83,0.53,61.84,70.96,6.68,7.65,0.2,"GA002","LA144",NA,7.2,7.21,0.08,1.64,0.17,4.96,9.41,65.45,67.5,0.2
"GA002","MD001","GA002","MD001",NA,65.87,65.9,0.18,7.24,0.66,61.22,70.55,6.75,7.78,0.22,"GA002","MD001",NA,7.25,7.27,0.11,1.94,0.15,4.84,9.66,64.84,67.04,0.22
"GA002","MD002","GA002","MD002",NA,66.84,66.84,0.16,5.93,0.71,62.61,71.09,7.14,8.29,0.23,"GA002","MD002",NA,7.72,7.72,0.12,2.1,0.22,5.21,10.27,65.86,67.74,0.23
"GA002","MD033","GA002","MD033",NA,68.29,68.31,0.19,5.65,0.51,64.17,72.48,8.83,10.14,0.22,"GA002","MD033",NA,9.49,9.48,0.12,2.87,0.28,6.55,12.41,67.42,69.22,0.22
"GA002","MD034","GA002","MD034",NA,66.27,66.27,0.18,6,0.58,62.06,70.52,6.31,6.28,0.01,"GA002","MD034",NA,6.33,6.32,0.09,1.22,0.12,4.42,8.27,66.07,66.23,0.01
"GA002","NC103","GA002","NC103",NA,70.52,70.5,0.21,7.89,0.77,65.59,75.32,6.15,7.38,0.25,"GA002","NC103",NA,6.78,6.78,0.07,1.92,0.18,4.35,9.15,69.24,71.86,0.25
"GA002","NC104","GA002","NC104",NA,65.3,65.33,0.21,5.53,0.44,61.23,69.42,7.56,7.19,-0.06,"GA002","NC104",NA,7.42,7.41,0.09,2.38,0.21,4.74,10.08,65.58,65.1,-0.06
"GA002","NC107","GA002","NC107",NA,67.69,67.67,0.2,7.44,0.5,62.94,72.47,6.41,7.36,0.18,"GA002","NC107",NA,6.89,6.9,0.09,2.57,0.26,4.13,9.7,66.85,68.53,0.18
"GA002","NC108","GA002","NC108",NA,66.77,66.78,0.15,5.76,0.51,62.6,70.96,7.86,7.61,-0.04,"GA002","NC108",NA,7.67,7.66,0.1,2.35,0.22,5.01,10.33,67.1,66.66,-0.04
"GA002","NC109","GA002","NC109",NA,67.82,67.83,0.22,7.33,0.56,63.11,72.46,5.04,6.1,0.21,"GA002","NC109",NA,5.51,5.53,0.1,2.15,0.18,2.96,8.05,66.8,68.78,0.21
"GA002","NC120","GA002","NC120",NA,68.85,68.85,0.18,5.85,0.55,64.69,73.08,6.54,7.33,0.15,"GA002","NC120",NA,6.9,6.9,0.1,2.07,0.21,4.39,9.38,68.23,69.5,0.15
"GA002","SC001","GA002","SC001",NA,69.93,69.94,0.26,7.92,0.7,65.08,74.78,8.19,9.71,0.24,"GA002","SC001",NA,8.97,8.96,0.12,2.89,0.33,6.02,11.93,68.58,71.23,0.24
"GA002","SC004","GA002","SC004",NA,69.08,69.03,0.24,8.48,0.66,64.16,74.12,8.79,10.07,0.24,"GA002","SC004",NA,9.43,9.42,0.11,2.43,0.18,6.69,12.13,67.75,70.38,0.24
"GA002","SC005","GA002","SC005",NA,70.93,70.88,0.21,5.49,0.54,66.79,74.92,6.59,8.28,0.31,"GA002","SC005",NA,7.44,7.44,0.11,2.3,0.22,4.81,10.05,69.56,72.28,0.31
"GA002","SC037","GA002","SC037",NA,68.97,68.96,0.18,6.77,0.67,64.53,73.55,6.39,7.91,0.35,"GA002","SC037",NA,7.13,7.14,0.08,1.73,0.14,4.85,9.45,67.47,70.57,0.35
"GA002","TX017","GA002","TX017",NA,66.46,66.47,0.17,5.7,0.53,62.41,70.67,6.98,8.26,0.24,"GA002","TX017",NA,7.61,7.6,0.1,2.33,0.2,4.95,10.28,65.43,67.46,0.24
"GA002","TX018","GA002","TX018",NA,66.61,66.62,0.18,7.4,0.71,61.87,71.31,7.06,8.61,0.31,"GA002","TX018",NA,7.83,7.82,0.11,2.39,0.32,5.12,10.5,65.04,68.08,0.31
"GA002","TX021","GA002","TX021",NA,67.91,67.99,0.21,6.61,0.6,63.55,72.44,8.77,10.61,0.28,"GA002","TX021",NA,9.8,9.79,0.13,3.62,0.35,6.52,13.14,66.74,69.13,0.28
"GA002","TX023","GA002","TX023",NA,68.99,69.02,0.18,6.82,0.71,64.48,73.57,7.32,9.61,0.4,"GA002","TX023",NA,8.42,8.45,0.13,2.7,0.26,5.61,11.31,67.27,70.94,0.4
"GA002","VA028","GA002","VA028",NA,69.38,69.39,0.13,4.35,0.31,65.79,73.02,5.87,7.39,0.29,"GA002","VA028",NA,6.6,6.62,0.11,2.37,0.21,3.96,9.31,68.34,70.4,0.29
"GA002","VA029","GA002","VA029",NA,67.01,67.03,0.16,5.89,0.46,62.76,71.21,5.34,6.62,0.29,"GA002","VA029",NA,5.99,6,0.1,1.58,0.14,3.79,8.17,65.9,68.42,0.29
"GA002","VA031","GA002","VA031",NA,69.42,69.4,0.2,5.91,0.48,65.21,73.64,6.77,8.98,0.42,"GA002","VA031",NA,7.88,7.88,0.11,2.34,0.27,5.25,10.53,67.72,71.08,0.42
"GA002","VA157","GA002","VA157",NA,69.07,69.06,0.19,5.99,0.59,64.79,73.24,6,7.89,0.38,"GA002","VA157",NA,6.96,6.96,0.1,2.05,0.21,4.45,9.42,67.46,70.67,0.38
"GA159","GA164","GA159","GA164",66.26,68.6,68.6,0.18,5.82,0.53,64.47,72.85,13.85,13.89,0.01,"GA159","GA164",NA,13.92,13.9,0.08,1.32,0.15,11.93,15.91,68.33,68.62,0.01
"GA159","LA136","GA159","LA136",67.78,72.37,72.36,0.17,4.9,0.54,68.53,76.23,11.26,11.91,0.12,"GA159","LA136",NA,11.58,11.6,0.1,2.03,0.19,9.13,14.07,71.98,72.88,0.12
"GA159","LA137","GA159","LA137",69.85,70.52,70.51,0.15,3.99,0.38,67.04,73.98,14.12,14.21,0.05,"GA159","LA137",NA,14.19,14.19,0.06,1.04,0.1,12.42,15.97,70.28,70.64,0.05
"GA159","LA143","GA159","LA143",NA,70.22,70.23,0.21,5.78,0.44,66.07,74.39,13.06,14.4,0.26,"GA159","LA143",NA,13.69,13.72,0.11,2.07,0.17,11.15,16.19,69.21,71.33,0.26
"GA159","LA144","GA159","LA144",NA,69.06,69.04,0.19,7.88,0.67,64.22,73.89,11.63,12.5,0.21,"GA159","LA144",NA,12.05,12.06,0.1,1.43,0.14,10,14.13,67.92,69.99,0.21
"GA159","MD001","GA159","MD001",NA,68.56,68.57,0.15,4.68,0.37,64.79,72.33,12.13,12.22,0.03,"GA159","MD001",NA,12.1,12.12,0.08,1.57,0.16,9.95,14.29,68.46,68.7,0.03
"GA159","MD002","GA159","MD002",NA,69.53,69.54,0.18,4.6,0.46,65.8,73.26,12.61,12.59,-0.01,"GA159","MD002",NA,12.57,12.58,0.08,1.7,0.16,10.31,14.83,69.52,69.5,-0.01
"GA159","MD033","GA159","MD033",NA,70.98,70.98,0.22,6.87,0.67,66.41,75.56,13.81,14.97,0.23,"GA159","MD033",NA,14.34,14.34,0.12,2.31,0.2,11.68,16.95,69.97,72.02,0.23
"GA159","MD034","GA159","MD034",NA,68.95,68.97,0.2,5.43,0.54,64.89,73,10.16,12.14,0.41,"GA159","MD034",NA,11.19,11.18,0.12,1.95,0.2,8.75,13.6,67.32,70.53,0.41
"GA159","NC103","GA159","NC103",66.65,73.2,73.17,0.18,5.7,0.52,69.05,77.35,11.58,11.65,0.03,"GA159","NC103",NA,11.63,11.64,0.09,1.44,0.17,9.56,13.69,72.96,73.33,0.03
"GA159","NC104","GA159","NC104",67.76,67.99,68.03,0.22,7.89,0.75,63.19,72.88,12.04,12.55,0.14,"GA159","NC104",NA,12.28,12.28,0.09,1.59,0.16,10.09,14.44,67.43,68.8,0.14
"GA159","NC107","GA159","NC107",66.41,70.38,70.36,0.18,6.16,0.68,66.05,74.63,11.83,11.84,0.01,"GA159","NC107",NA,11.74,11.76,0.1,2.16,0.22,9.18,14.3,70.42,70.56,0.01
"GA159","NC108","GA159","NC108",69.55,69.45,69.47,0.18,6.94,0.79,64.94,74.02,12.41,12.67,0.07,"GA159","NC108",NA,12.52,12.52,0.1,2.03,0.21,10.03,14.98,69.13,69.78,0.07
"GA159","NC109","GA159","NC109",65.95,70.5,70.52,0.17,6.98,0.59,65.88,75.13,10.24,10.54,0.06,"GA159","NC109",NA,10.37,10.39,0.1,2.22,0.21,7.82,12.99,70.21,70.81,0.06
"GA159","NC120","GA159","NC120",67.91,71.54,71.53,0.21,5.84,0.56,67.32,75.73,11.65,11.87,0.06,"GA159","NC120",NA,11.75,11.76,0.11,1.63,0.17,9.53,13.98,71.15,71.78,0.06
"GA159","SC001","GA159","SC001",72.44,72.61,72.61,0.22,6.49,0.69,68.17,77,13.64,14.05,0.09,"GA159","SC001",NA,13.83,13.82,0.09,1.67,0.18,11.57,16.05,72.26,73.08,0.09
"GA159","SC004","GA159","SC004",70.57,71.77,71.72,0.16,3.82,0.36,68.34,75.12,14.12,14.55,0.09,"GA159","SC004",NA,14.28,14.28,0.07,1.56,0.17,12.1,16.45,71.4,72,0.09
"GA159","SC005","GA159","SC005",66.56,73.62,73.58,0.18,6.15,0.6,69.24,77.89,12.24,12.48,0.03,"GA159","SC005",NA,12.3,12.31,0.12,2.28,0.21,9.65,14.88,73.21,73.61,0.03
"GA159","SC037","GA159","SC037",69.66,71.66,71.61,0.16,4.76,0.32,67.78,75.4,11.59,12.53,0.21,"GA159","SC037",NA,11.98,12.01,0.08,1.86,0.18,9.61,14.35,70.88,72.51,0.21
"GA159","TX017","GA159","TX017",65.41,69.15,69.15,0.15,3.38,0.34,65.94,72.33,12.15,12.85,0.16,"GA159","TX017",NA,12.46,12.47,0.12,1.77,0.18,10.14,14.74,68.62,69.66,0.16
"GA159","TX018","GA159","TX018",67.71,69.3,69.31,0.16,5.7,0.57,65.14,73.46,11.92,13.38,0.3,"GA159","TX018",NA,12.69,12.68,0.1,2,0.2,10.22,15.1,67.98,70.47,0.3
"GA159","TX021","GA159","TX021",68.47,70.6,70.66,0.16,4.8,0.38,66.82,74.42,14.55,14.79,0.06,"GA159","TX021",NA,14.65,14.66,0.08,1.89,0.19,12.27,17.05,70.49,70.91,0.06
"GA159","TX023","GA159","TX023",72.67,71.68,71.7,0.21,4.77,0.46,67.89,75.53,13.14,13.49,0.07,"GA159","TX023",NA,13.27,13.3,0.11,1.7,0.14,10.99,15.55,71.34,72.03,0.07
"GA159","VA028","GA159","VA028",NA,72.07,72.07,0.16,4.02,0.44,68.57,75.54,10.69,12.18,0.27,"GA159","VA028",NA,11.45,11.49,0.1,2.55,0.29,8.68,14.24,71.09,73.07,0.27
"GA159","VA029","GA159","VA029",NA,69.7,69.73,0.19,5.03,0.49,65.82,73.63,10.67,10.96,0.08,"GA159","VA029",NA,10.85,10.87,0.08,1.86,0.17,8.49,13.25,69.52,70,0.08
"GA159","VA031","GA159","VA031",NA,72.11,72.09,0.18,5.52,0.53,68,76.15,12.4,13.07,0.17,"GA159","VA031",NA,12.73,12.75,0.08,1.38,0.16,10.68,14.79,71.4,72.75,0.17
"GA159","VA157","GA159","VA157",NA,71.75,71.75,0.16,3.84,0.32,68.34,75.14,11.95,11.69,-0.06,"GA159","VA157",NA,11.81,11.82,0.07,1.16,0.13,9.96,13.7,71.83,71.51,-0.06
"GA164","LA136","GA164","LA136",73.37,70.34,70.33,0.19,5.92,0.72,66.08,74.53,10.27,11.31,0.19,"GA164","LA136",NA,10.75,10.77,0.09,2.2,0.25,8.22,13.35,69.57,71.18,0.19
"GA164","LA137","GA164","LA137",75.44,68.49,68.48,0.16,5.16,0.44,64.49,72.4,13.37,13.35,-0.02,"GA164","LA137",NA,13.36,13.36,0.08,1.07,0.1,11.58,15.16,68.54,68.36,-0.02
"GA164","LA143","GA164","LA143",NA,68.19,68.2,0.21,6.54,0.64,63.71,72.61,12.78,13.16,0.09,"GA164","LA143",NA,12.86,12.9,0.08,2.08,0.21,10.36,15.4,67.69,68.43,0.09
"GA164","LA144","GA164","LA144",NA,67.04,67.02,0.14,7.89,0.73,62.13,71.89,11.19,11.32,0.02,"GA164","LA144",NA,11.22,11.24,0.09,1.53,0.14,9.07,13.37,66.94,67.2,0.02
"GA164","MD001","GA164","MD001",NA,66.54,66.55,0.17,6.48,0.54,62.1,70.92,11.44,11.25,-0.04,"GA164","MD001",NA,11.27,11.3,0.1,1.82,0.18,8.92,13.61,66.79,66.47,-0.04
"GA164","MD002","GA164","MD002",NA,67.5,67.53,0.15,6.4,0.51,63.18,71.9,12.05,11.4,-0.14,"GA164","MD002",NA,11.74,11.76,0.11,2.04,0.21,9.31,14.27,68.12,66.74,-0.14
"GA164","MD033","GA164","MD033",NA,68.96,68.96,0.16,6.32,0.59,64.64,73.31,13.42,13.6,0.02,"GA164","MD033",NA,13.51,13.52,0.09,1.9,0.17,11.11,15.88,68.85,69.02,0.02
"GA164","MD034","GA164","MD034",NA,66.93,66.95,0.19,7.47,0.67,62.17,71.66,10.35,10.33,0,"GA164","MD034",NA,10.36,10.35,0.07,1.39,0.11,8.28,12.38,66.95,66.95,0
"GA164","NC103","GA164","NC103",72.24,71.18,71.15,0.2,6.98,0.68,66.46,75.65,11.01,10.7,-0.09,"GA164","NC103",NA,10.8,10.82,0.08,1.44,0.12,8.71,12.86,71.44,70.7,-0.09
"GA164","NC104","GA164","NC104",73.36,65.96,66,0.23,7.67,0.76,61.19,70.84,11.76,11.08,-0.15,"GA164","NC104",NA,11.45,11.44,0.07,1.67,0.15,9.21,13.7,66.83,65.35,-0.15
"GA164","NC107","GA164","NC107",72,68.35,68.37,0.24,7.9,0.83,63.43,73.23,10.8,11.08,0.04,"GA164","NC107",NA,10.91,10.94,0.09,2.4,0.23,8.24,13.59,68.23,68.53,0.04
"GA164","NC108","GA164","NC108",75.14,67.43,67.45,0.16,6.33,0.72,63.1,71.84,11.96,11.47,-0.13,"GA164","NC108",NA,11.69,11.69,0.07,1.67,0.15,9.48,13.95,67.81,66.84,-0.13
"GA164","NC109","GA164","NC109",71.55,68.48,68.49,0.19,7.25,0.71,63.76,73.11,9.49,9.58,0.02,"GA164","NC109",NA,9.54,9.57,0.11,2.51,0.22,6.84,12.29,68.41,68.64,0.02
"GA164","NC120","GA164","NC120",73.5,69.51,69.51,0.16,4.84,0.53,65.66,73.23,11.48,10.46,-0.24,"GA164","NC120",NA,10.92,10.94,0.09,1.45,0.14,8.89,13.05,70.3,68.57,-0.24
"GA164","SC001","GA164","SC001",78.03,70.59,70.58,0.24,8.19,0.79,65.65,75.53,13.06,13.03,-0.04,"GA164","SC001",NA,13,12.99,0.09,1.8,0.16,10.66,15.32,70.85,70.33,-0.04
"GA164","SC004","GA164","SC004",76.17,69.74,69.7,0.22,7.41,0.65,64.97,74.35,13.52,13.42,-0.05,"GA164","SC004",NA,13.45,13.46,0.06,1.04,0.14,11.69,15.22,69.82,69.54,-0.05
"GA164","SC005","GA164","SC005",72.15,71.59,71.55,0.19,5.45,0.52,67.5,75.6,11.57,11.63,0,"GA164","SC005",NA,11.46,11.48,0.11,1.87,0.12,9.11,13.81,71.61,71.71,0
"GA164","SC037","GA164","SC037",75.26,69.63,69.62,0.2,7.32,0.7,64.86,74.31,10.82,11.57,0.13,"GA164","SC037",NA,11.15,11.17,0.08,2.18,0.2,8.57,13.69,69.11,70.35,0.13
"GA164","TX017","GA164","TX017",71,67.12,67.15,0.18,5.18,0.39,63.21,71.13,11.87,11.31,-0.11,"GA164","TX017",NA,11.63,11.64,0.09,1.76,0.21,9.34,13.91,67.52,66.69,-0.11
"GA164","TX018","GA164","TX018",73.3,67.27,67.28,0.17,8.76,0.62,62.2,72.43,11.7,12.04,0.09,"GA164","TX018",NA,11.86,11.86,0.08,1.54,0.17,9.72,14.03,66.9,67.55,0.09
"GA164","TX021","GA164","TX021",74.07,68.58,68.64,0.19,6.49,0.63,64.2,73.1,13.69,14.09,0.09,"GA164","TX021",NA,13.82,13.83,0.08,1.84,0.17,11.48,16.2,68.36,69.1,0.09
"GA164","TX023","GA164","TX023",78.26,69.65,69.69,0.18,5.5,0.46,65.6,73.71,12.38,12.65,0.07,"GA164","TX023",NA,12.44,12.48,0.09,1.82,0.17,10.14,14.83,69.37,69.89,0.07
"GA164","VA028","GA164","VA028",NA,70.05,70.04,0.15,5.35,0.49,66.05,74.01,10.46,10.9,0.05,"GA164","VA028",NA,10.62,10.67,0.1,2.33,0.21,8.01,13.28,69.9,70.26,0.05
"GA164","VA029","GA164","VA029",NA,67.67,67.7,0.16,5.51,0.51,63.6,71.74,9.93,10.18,0.05,"GA164","VA029",NA,10.01,10.04,0.08,1.71,0.13,7.78,12.29,67.63,67.84,0.05
"GA164","VA031","GA164","VA031",NA,70.08,70.06,0.17,5.67,0.64,65.95,74.21,11.81,11.97,0.03,"GA164","VA031",NA,11.9,11.92,0.07,1.83,0.18,9.55,14.25,69.92,70.28,0.03
"GA164","VA157","GA164","VA157",NA,69.73,69.71,0.17,4.96,0.52,65.83,73.54,11.36,10.73,-0.14,"GA164","VA157",NA,10.98,10.99,0.09,1.72,0.15,8.7,13.24,70.18,69.12,-0.14
"LA136","LA137","LA136","LA137",76.96,72.26,72.26,0.18,5.17,0.44,68.35,76.2,10.64,11.44,0.14,"LA136","LA137",NA,11.03,11.02,0.08,2.25,0.23,8.44,13.58,71.71,72.72,0.14
"LA136","LA143","LA136","LA143",NA,71.96,71.99,0.16,5.69,0.55,67.86,76.12,10.04,11.13,0.18,"LA136","LA143",NA,10.53,10.54,0.08,2.69,0.19,7.69,13.38,71.24,72.62,0.18
"LA136","LA144","LA136","LA144",NA,70.81,70.82,0.2,8.42,0.96,65.78,75.84,8.06,9.74,0.33,"LA136","LA144",NA,8.89,8.89,0.07,2.06,0.25,6.43,11.41,69.05,72.34,0.33
"LA136","MD001","LA136","MD001",NA,70.31,70.33,0.17,6.09,0.65,66.03,74.58,8.5,9.35,0.19,"LA136","MD001",NA,8.94,8.95,0.09,1.43,0.13,6.88,11.05,69.51,71.21,0.19
"LA136","MD002","LA136","MD002",NA,71.28,71.29,0.17,6.39,0.75,66.92,75.67,9.26,9.5,0.05,"LA136","MD002",NA,9.41,9.39,0.1,1.91,0.22,7.01,11.79,71.05,71.43,0.05
"LA136","MD033","LA136","MD033",NA,72.73,72.75,0.2,7.15,0.76,68.05,77.36,10.12,12.35,0.37,"LA136","MD033",NA,11.18,11.15,0.1,3.06,0.26,8.11,14.19,71.04,74.45,0.37
"LA136","MD034","LA136","MD034",NA,70.7,70.73,0.17,4.91,0.44,66.87,74.56,7.71,8.31,0.13,"LA136","MD034",NA,8.02,8,0.1,1.86,0.16,5.66,10.39,70.4,71.23,0.13
"LA136","NC103","LA136","NC103",73.76,74.95,74.92,0.18,7.23,0.65,70.23,79.54,7.59,9.32,0.39,"LA136","NC103",6.96,8.47,8.46,0.09,1.69,0.14,6.2,10.73,73.06,76.66,0.39
"LA136","NC104","LA136","NC104",74.88,69.73,69.79,0.23,10.01,1.14,64.29,75.19,8.65,9.58,0.19,"LA136","NC104",NA,9.11,9.1,0.08,2.26,0.15,6.48,11.68,68.66,70.65,0.19
"LA136","NC107","LA136","NC107",73.52,72.12,72.11,0.17,5.66,0.52,67.9,76.21,8.53,8.81,0.07,"LA136","NC107",8.23,8.58,8.58,0.06,1.24,0.08,6.65,10.53,71.89,72.49,0.07
"LA136","NC108","LA136","NC108",76.66,71.2,71.22,0.2,9.2,1.12,65.98,76.48,8.69,9.96,0.26,"LA136","NC108",9.44,9.36,9.34,0.08,1.9,0.13,6.95,11.7,69.84,72.56,0.26
"LA136","NC109","LA136","NC109",73.07,72.25,72.27,0.18,5.99,0.61,67.97,76.45,6.97,7.53,0.15,"LA136","NC109",NA,7.21,7.21,0.09,1.26,0.14,5.27,9.16,71.82,73.01,0.15
"LA136","NC120","LA136","NC120",75.02,73.28,73.29,0.12,4.04,0.39,69.74,76.73,7.86,9.24,0.29,"LA136","NC120",NA,8.59,8.58,0.09,1.94,0.18,6.2,10.98,72.27,74.34,0.29
"LA136","SC001","LA136","SC001",79.55,74.36,74.36,0.19,5.83,0.56,70.18,78.53,9.96,11.35,0.22,"LA136","SC001",NA,10.67,10.65,0.07,2.74,0.23,7.78,13.51,73.42,75.35,0.22
"LA136","SC004","LA136","SC004",77.69,73.51,73.48,0.17,3.95,0.4,70.07,76.97,10.66,11.57,0.18,"LA136","SC004",NA,11.12,11.11,0.1,2.66,0.22,8.28,13.92,72.92,74.05,0.18
"LA136","SC005","LA136","SC005",73.67,75.36,75.33,0.14,4.61,0.42,71.63,79.08,8.3,10.03,0.37,"LA136","SC005",NA,9.13,9.13,0.1,1.72,0.14,6.86,11.42,73.94,76.69,0.37
"LA136","SC037","LA136","SC037",76.78,73.41,73.39,0.16,5.13,0.4,69.42,77.28,8.44,9.13,0.18,"LA136","SC037",NA,8.82,8.82,0.09,1.45,0.16,6.74,10.92,72.68,74.01,0.18
"LA136","TX017","LA136","TX017",72.52,70.89,70.92,0.16,4.97,0.45,67.05,74.79,9.05,9.67,0.11,"LA136","TX017",NA,9.3,9.3,0.1,2.47,0.21,6.59,12.04,70.3,71.27,0.11
"LA136","TX018","LA136","TX018",74.82,71.04,71.06,0.19,8.43,0.95,66.06,76.16,9.04,9.96,0.21,"LA136","TX018",NA,9.52,9.51,0.07,1.91,0.17,7.1,11.92,69.81,72.09,0.21
"LA136","TX021","LA136","TX021",75.58,72.35,72.42,0.18,4.54,0.46,68.71,76.06,11.35,11.66,0.05,"LA136","TX021",NA,11.49,11.47,0.1,2.74,0.19,8.58,14.36,72.29,72.62,0.05
"LA136","TX023","LA136","TX023",79.78,73.42,73.46,0.15,3.97,0.48,69.96,76.86,9.38,11.08,0.34,"LA136","TX023",NA,10.11,10.14,0.11,2.15,0.13,7.63,12.68,72.23,74.68,0.34
"LA136","VA028","LA136","VA028",NA,73.82,73.84,0.13,4.37,0.38,70.19,77.48,7.65,9.03,0.28,"LA136","VA028",NA,8.29,8.32,0.08,1.95,0.17,5.91,10.77,72.83,74.83,0.28
"LA136","VA029","LA136","VA029",NA,71.44,71.48,0.16,6.27,0.53,67.21,75.87,7,8.31,0.32,"LA136","VA029",NA,7.68,7.69,0.09,1.51,0.16,5.59,9.86,70.04,72.72,0.32
"LA136","VA031","LA136","VA031",NA,73.85,73.85,0.14,6.13,0.7,69.64,78.16,8.34,10.69,0.47,"LA136","VA031",NA,9.57,9.56,0.08,2.13,0.17,7.01,12.09,71.74,75.88,0.47
"LA136","VA157","LA136","VA157",NA,73.5,73.5,0.15,5.09,0.48,69.57,77.39,7.86,9.44,0.34,"LA136","VA157",NA,8.65,8.64,0.08,2.01,0.2,6.18,11.09,72.22,74.77,0.34
"LA137","LA143","LA137","LA143",NA,70.11,70.13,0.17,4.91,0.43,66.31,73.96,12.32,14.03,0.39,"LA137","LA143",NA,13.13,13.15,0.09,1.83,0.16,10.74,15.46,68.6,71.53,0.39
"LA137","LA144","LA137","LA144",NA,68.96,68.96,0.14,6.3,0.65,64.64,73.35,10.89,12.1,0.3,"LA137","LA144",NA,11.5,11.5,0.08,1.23,0.12,9.58,13.45,67.55,70.12,0.3
"LA137","MD001","LA137","MD001",NA,68.45,68.47,0.13,5.03,0.49,64.61,72.41,11.03,12.03,0.22,"LA137","MD001",NA,11.55,11.56,0.07,1.86,0.15,9.18,13.9,67.56,69.27,0.22
"LA137","MD002","LA137","MD002",NA,69.42,69.43,0.12,5.3,0.59,65.43,73.42,11.79,12.18,0.08,"LA137","MD002",NA,12.01,12.03,0.07,2.07,0.18,9.54,14.54,69.01,69.61,0.08
"LA137","MD033","LA137","MD033",NA,70.88,70.89,0.17,7.14,0.63,66.23,75.5,13.04,14.48,0.27,"LA137","MD033",NA,13.78,13.78,0.1,2.38,0.22,11.11,16.45,69.63,72.35,0.27
"LA137","MD034","LA137","MD034",NA,68.85,68.86,0.15,4.72,0.44,65.09,72.65,10.04,11.04,0.21,"LA137","MD034",NA,10.63,10.61,0.1,2.13,0.23,8.08,13.14,68.05,69.64,0.21
"LA137","NC103","LA137","NC103",75.83,73.1,73.08,0.18,6.23,0.7,68.8,77.42,10.75,11.36,0.13,"LA137","NC103",NA,11.08,11.08,0.08,1.73,0.18,8.79,13.33,72.63,73.49,0.13
"LA137","NC104","LA137","NC104",76.95,67.88,67.93,0.19,8.26,0.73,62.92,72.97,11.3,12.1,0.2,"LA137","NC104",NA,11.72,11.71,0.07,1.69,0.13,9.43,13.95,66.83,68.83,0.2
"LA137","NC107","LA137","NC107",75.59,70.27,70.28,0.19,6.25,0.6,65.98,74.6,10.5,11.93,0.26,"LA137","NC107",NA,11.18,11.21,0.08,2.03,0.25,8.72,13.65,69.26,71.3,0.26
"LA137","NC108","LA137","NC108",78.73,69.35,69.38,0.14,5.75,0.58,65.21,73.54,11.49,12.44,0.21,"LA137","NC108",NA,11.96,11.96,0.09,1.97,0.21,9.51,14.37,68.49,70.23,0.21
"LA137","NC109","LA137","NC109",75.14,70.4,70.41,0.21,6.39,0.51,66.02,74.8,8.95,10.74,0.33,"LA137","NC109",NA,9.81,9.83,0.08,2.36,0.25,7.17,12.48,68.93,71.78,0.33
"LA137","NC120","LA137","NC120",77.09,71.43,71.43,0.19,5.09,0.45,67.51,75.37,10.8,11.59,0.2,"LA137","NC120",NA,11.19,11.2,0.09,1.22,0.12,9.26,13.11,70.64,72.13,0.2
"LA137","SC001","LA137","SC001",81.62,72.51,72.51,0.21,6.09,0.62,68.2,76.78,12.56,13.96,0.33,"LA137","SC001",NA,13.27,13.26,0.08,1.54,0.14,11.09,15.42,71.08,73.88,0.33
"LA137","SC004","LA137","SC004",79.76,71.66,71.62,0.18,4.56,0.39,67.93,75.33,13.73,13.78,0.01,"LA137","SC004",NA,13.72,13.72,0.08,1.6,0.19,11.56,15.95,71.51,71.6,0.01
"LA137","SC005","LA137","SC005",75.74,73.51,73.47,0.22,6.83,0.68,68.96,78.05,10.98,12.66,0.34,"LA137","SC005",NA,11.74,11.74,0.09,1.95,0.17,9.31,14.15,71.93,75.07,0.34
"LA137","SC037","LA137","SC037",78.85,71.55,71.51,0.15,5.84,0.58,67.33,75.78,11.16,11.65,0.1,"LA137","SC037",NA,11.43,11.42,0.1,2.33,0.22,8.73,14.03,71.2,71.91,0.1
"LA137","TX017","LA137","TX017",74.59,69.04,69.06,0.15,4.07,0.47,65.56,72.54,11.91,11.76,-0.04,"LA137","TX017",NA,11.91,11.9,0.08,1.88,0.16,9.53,14.28,69.14,68.84,-0.04
"LA137","TX018","LA137","TX018",76.89,69.19,69.21,0.11,6.17,0.62,64.91,73.58,11.45,12.8,0.29,"LA137","TX018",NA,12.13,12.13,0.08,1.88,0.17,9.77,14.49,67.9,70.39,0.29
"LA137","TX021","LA137","TX021",77.66,70.5,70.56,0.18,5.91,0.57,66.31,74.76,13.99,14.15,0.03,"LA137","TX021",NA,14.09,14.09,0.08,2.03,0.19,11.61,16.58,70.36,70.64,0.03
"LA137","TX023","LA137","TX023",81.85,71.57,71.6,0.18,4.5,0.47,67.95,75.29,12.23,13.22,0.23,"LA137","TX023",NA,12.71,12.75,0.1,1.71,0.18,10.44,15,70.68,72.35,0.23
"LA137","VA028","LA137","VA028",NA,71.96,71.98,0.18,5.48,0.54,67.92,76.05,9.94,11.94,0.34,"LA137","VA028",NA,10.89,10.93,0.09,2.86,0.24,7.97,13.84,70.65,73.44,0.34
"LA137","VA029","LA137","VA029",NA,69.59,69.63,0.15,5.2,0.57,65.71,73.63,9.95,10.81,0.19,"LA137","VA029",NA,10.29,10.31,0.08,1.86,0.17,7.92,12.65,68.91,70.36,0.19
"LA137","VA031","LA137","VA031",NA,72,71.99,0.21,7.67,0.83,67.15,76.78,11.27,13.12,0.36,"LA137","VA031",NA,12.18,12.18,0.09,2.01,0.19,9.68,14.6,70.09,73.77,0.36
"LA137","VA157","LA137","VA157",NA,71.65,71.66,0.19,4.64,0.51,67.94,75.4,10.97,11.59,0.14,"LA137","VA157",NA,11.25,11.25,0.07,1.37,0.11,9.23,13.3,70.99,72.06,0.14
"LA143","LA144","LA143","LA144",NA,68.66,68.65,0.17,8.11,0.72,63.77,73.59,10.37,11.54,0.24,"LA143","LA144",NA,11,10.98,0.11,2.16,0.21,8.43,13.5,67.55,69.76,0.24
"LA143","MD001","LA143","MD001",NA,68.16,68.16,0.17,6.34,0.46,63.81,72.47,10.29,11.75,0.29,"LA143","MD001",NA,11.05,11.04,0.12,2.36,0.28,8.37,13.72,66.88,69.44,0.29
"LA143","MD002","LA143","MD002",NA,69.13,69.14,0.18,6.14,0.41,64.89,73.47,10.79,12.23,0.28,"LA143","MD002",NA,11.51,11.49,0.12,2.35,0.19,8.82,14.17,67.88,70.28,0.28
"LA143","MD033","LA143","MD033",NA,70.58,70.57,0.18,6.62,0.66,66.13,75.07,12.89,13.71,0.15,"LA143","MD033",NA,13.28,13.25,0.1,2.21,0.24,10.64,15.82,69.86,71.38,0.15
"LA143","MD034","LA143","MD034",NA,68.55,68.55,0.15,5.73,0.53,64.4,72.66,9.52,10.8,0.25,"LA143","MD034",NA,10.13,10.1,0.11,2.28,0.2,7.46,12.72,67.52,69.58,0.25
"LA143","NC103","LA143","NC103",NA,72.8,72.76,0.2,8.37,0.88,67.81,77.85,9.84,11.16,0.28,"LA143","NC103",NA,10.58,10.55,0.1,2.3,0.25,7.91,13.17,71.36,74.32,0.28
"LA143","NC104","LA143","NC104",NA,67.58,67.61,0.18,8.34,0.74,62.63,72.61,10.59,11.76,0.25,"LA143","NC104",NA,11.22,11.19,0.09,1.69,0.21,8.98,13.46,66.31,68.84,0.25
"LA143","NC107","LA143","NC107",NA,69.97,69.94,0.17,6.74,0.63,65.42,74.47,10.1,11.33,0.25,"LA143","NC107",NA,10.68,10.68,0.1,1.91,0.22,8.3,13.08,68.96,71.09,0.25
"LA143","NC108","LA143","NC108",NA,69.05,69.06,0.17,7.53,0.85,64.29,73.79,10.86,12.01,0.24,"LA143","NC108",NA,11.46,11.43,0.07,1.72,0.18,9.2,13.71,67.94,70.18,0.24
"LA143","NC109","LA143","NC109",NA,70.1,70.1,0.2,8.29,0.72,65.11,75.13,8.12,10.41,0.4,"LA143","NC109",NA,9.31,9.31,0.11,2.63,0.24,6.53,12.15,68.18,72,0.4
"LA143","NC120","LA143","NC120",NA,71.13,71.11,0.16,6.41,0.62,66.68,75.49,9.9,11.5,0.33,"LA143","NC120",NA,10.69,10.68,0.1,1.87,0.16,8.35,13.1,69.78,72.58,0.33
"LA143","SC001","LA143","SC001",NA,72.21,72.19,0.19,5.62,0.37,68.05,76.27,12.47,12.93,0.1,"LA143","SC001",NA,12.77,12.74,0.07,1.18,0.09,10.86,14.62,71.72,72.52,0.1
"LA143","SC004","LA143","SC004",NA,71.36,71.32,0.23,6.43,0.61,66.92,75.71,12.64,13.91,0.23,"LA143","SC004",NA,13.22,13.2,0.11,2.42,0.22,10.51,15.88,70.37,72.23,0.23
"LA143","SC005","LA143","SC005",NA,73.21,73.15,0.2,6.26,0.72,68.85,77.55,10.5,11.99,0.29,"LA143","SC005",NA,11.24,11.22,0.12,2.17,0.24,8.66,13.76,71.98,74.43,0.29
"LA143","SC037","LA143","SC037",NA,71.26,71.25,0.19,6.11,0.63,67,75.56,10.28,11.47,0.22,"LA143","SC037",NA,10.93,10.91,0.1,2.19,0.19,8.34,13.46,70.21,72.24,0.22
"LA143","TX017","LA143","TX017",NA,68.74,68.74,0.17,5.29,0.44,64.75,72.74,10.61,12.2,0.34,"LA143","TX017",NA,11.41,11.37,0.09,1.97,0.18,8.94,13.81,67.38,69.96,0.34
"LA143","TX018","LA143","TX018",NA,68.89,68.91,0.18,6.72,0.51,64.41,73.4,10.72,12.5,0.39,"LA143","TX018",NA,11.63,11.6,0.08,1.84,0.18,9.24,13.92,67.19,70.71,0.39
"LA143","TX021","LA143","TX021",NA,70.2,70.24,0.18,5.41,0.55,66.21,74.31,13.51,13.81,0.07,"LA143","TX021",NA,13.59,13.57,0.08,1.26,0.14,11.62,15.51,69.92,70.45,0.07
"LA143","TX023","LA143","TX023",NA,71.27,71.29,0.13,3.47,0.34,68.02,74.48,12.11,12.35,0.07,"LA143","TX023",NA,12.21,12.22,0.07,1.2,0.13,10.29,14.08,71.04,71.52,0.07
"LA143","VA028","LA143","VA028",NA,71.67,71.64,0.17,5.19,0.53,67.69,75.64,9.89,10.99,0.22,"LA143","VA028",NA,10.39,10.41,0.1,2.02,0.22,7.96,12.87,70.7,72.51,0.22
"LA143","VA029","LA143","VA029",NA,69.29,69.31,0.18,6.24,0.59,65.03,73.72,9.32,10.14,0.16,"LA143","VA029",NA,9.79,9.78,0.09,2.38,0.27,7.07,12.41,68.66,69.91,0.16
"LA143","VA031","LA143","VA031",NA,71.7,71.68,0.2,6.76,0.57,67.21,76.21,11.1,12.29,0.28,"LA143","VA031",NA,11.68,11.66,0.08,1.59,0.18,9.48,13.85,70.47,73.03,0.28
"LA143","VA157","LA143","VA157",NA,71.35,71.33,0.17,5.15,0.49,67.43,75.29,9.86,11.61,0.36,"LA143","VA157",NA,10.75,10.73,0.1,2.21,0.19,8.12,13.28,69.82,72.77,0.36
"LA144","MD001","LA144","MD001",NA,67,67.02,0.14,4.74,0.45,63.25,70.77,8.87,9.96,0.25,"LA144","MD001",NA,9.41,9.43,0.09,1.52,0.15,7.27,11.55,65.99,68,0.25
"LA144","MD002","LA144","MD002",NA,67.97,67.98,0.17,5.08,0.58,64.07,71.9,9.82,9.83,0,"LA144","MD002",NA,9.88,9.88,0.1,1.78,0.16,7.58,12.18,68.07,67.86,0
"LA144","MD033","LA144","MD033",NA,69.42,69.43,0.19,6.64,0.53,64.95,73.87,10.7,12.52,0.31,"LA144","MD033",NA,11.65,11.64,0.12,2.46,0.22,8.92,14.37,68.16,70.82,0.31
"LA144","MD034","LA144","MD034",NA,67.39,67.43,0.17,7.81,0.59,62.55,72.27,8.24,8.63,0.09,"LA144","MD034",NA,8.49,8.48,0.1,1.83,0.18,6.13,10.82,66.84,67.76,0.09
"LA144","NC103","LA144","NC103",NA,71.64,71.64,0.16,4.32,0.44,68.06,75.27,8.56,9.22,0.21,"LA144","NC103",NA,8.94,8.94,0.06,1.1,0.11,7.11,10.73,70.96,72.31,0.21
"LA144","NC104","LA144","NC104",NA,66.43,66.47,0.15,6.01,0.55,62.18,70.73,9.65,9.46,-0.04,"LA144","NC104",NA,9.58,9.57,0.06,1.41,0.14,7.53,11.64,66.59,66.26,-0.04
"LA144","NC107","LA144","NC107",NA,68.82,68.84,0.15,5.83,0.44,64.7,73.03,8.5,9.52,0.21,"LA144","NC107",NA,9.05,9.06,0.08,1.86,0.17,6.64,11.4,67.92,69.65,0.21
"LA144","NC108","LA144","NC108",NA,67.89,67.92,0.15,5.2,0.43,63.94,71.88,10.05,9.49,-0.12,"LA144","NC108",NA,9.83,9.81,0.07,1.52,0.11,7.7,11.97,68.36,67.38,-0.12
"LA144","NC109","LA144","NC109",NA,68.95,68.96,0.18,4.81,0.52,65.14,72.75,6.74,8.59,0.41,"LA144","NC109",NA,7.68,7.68,0.09,1.69,0.17,5.39,9.88,67.33,70.55,0.41
"LA144","NC120","LA144","NC120",NA,69.98,69.99,0.16,4.72,0.49,66.2,73.75,8.57,9.53,0.24,"LA144","NC120",NA,9.06,9.06,0.08,1.35,0.13,7.05,11.08,69.1,70.94,0.24
"LA144","SC001","LA144","SC001",NA,71.05,71.07,0.18,6.71,0.58,66.58,75.5,10.6,11.65,0.23,"LA144","SC001",NA,11.14,11.12,0.08,1.74,0.18,8.84,13.4,70.15,72.08,0.23
"LA144","SC004","LA144","SC004",NA,70.21,70.18,0.19,7,0.82,65.62,74.75,11.53,11.65,0.01,"LA144","SC004",NA,11.59,11.58,0.09,1.57,0.14,9.41,13.76,70.01,70.27,0.01
"LA144","SC005","LA144","SC005",NA,72.06,72.03,0.19,5.63,0.52,67.91,76.16,9.1,10.11,0.21,"LA144","SC005",NA,9.6,9.6,0.1,1.61,0.13,7.38,11.79,71.04,73.01,0.21
"LA144","SC037","LA144","SC037",NA,70.1,70.1,0.17,6.53,0.64,65.73,74.53,9.08,9.36,0.05,"LA144","SC037",NA,9.29,9.29,0.1,1.98,0.13,6.81,11.69,69.91,70.23,0.05
"LA144","TX017","LA144","TX017",NA,67.59,67.61,0.14,6.84,0.65,63.15,72.2,10.02,9.47,-0.1,"LA144","TX017",NA,9.77,9.76,0.09,1.8,0.18,7.44,12.08,68.14,67.21,-0.1
"LA144","TX018","LA144","TX018",NA,67.74,67.76,0.15,5.56,0.59,63.69,71.85,9.7,10.26,0.12,"LA144","TX018",NA,10,9.98,0.07,1.64,0.14,7.73,12.18,67.18,68.23,0.12
"LA144","TX021","LA144","TX021",NA,69.04,69.12,0.16,7.63,0.55,64.35,73.86,11.55,12.36,0.15,"LA144","TX021",NA,11.96,11.95,0.09,2.8,0.26,9.11,14.86,68.4,69.81,0.15
"LA144","TX023","LA144","TX023",NA,70.12,70.17,0.14,6.41,0.67,65.81,74.58,9.56,11.68,0.41,"LA144","TX023",NA,10.58,10.6,0.1,2.2,0.25,8.03,13.17,68.42,71.94,0.41
"LA144","VA028","LA144","VA028",NA,70.51,70.54,0.15,5.9,0.61,66.3,74.72,7.97,9.64,0.3,"LA144","VA028",NA,8.76,8.79,0.1,2.64,0.3,5.95,11.6,69.3,71.75,0.3
"LA144","VA029","LA144","VA029",NA,68.14,68.18,0.15,4.41,0.4,64.53,71.85,7.82,8.54,0.21,"LA144","VA029",NA,8.15,8.17,0.07,1,0.08,6.44,9.91,67.46,69,0.21
"LA144","VA031","LA144","VA031",NA,70.55,70.54,0.18,6.44,0.67,66.19,74.95,9.18,10.88,0.38,"LA144","VA031",NA,10.04,10.04,0.1,1.77,0.14,7.68,12.29,68.92,72.01,0.38
"LA144","VA157","LA144","VA157",NA,70.19,70.19,0.19,5.72,0.57,66.04,74.32,8.86,9.43,0.17,"LA144","VA157",NA,9.12,9.11,0.07,0.92,0.08,7.46,10.77,69.58,70.79,0.17
"MD001","MD002","MD001","MD002",NA,67.47,67.47,0.12,2.71,0.28,64.62,70.34,10.23,9.72,-0.15,"MD001","MD002",NA,9.93,9.92,0.05,0.98,0.11,8.21,11.65,67.74,67.04,-0.15
"MD001","MD033","MD001","MD033",NA,68.92,68.93,0.14,4.68,0.4,65.14,72.64,10.8,12.53,0.37,"MD001","MD033",NA,11.7,11.68,0.11,1.93,0.17,9.27,14.07,67.63,70.27,0.37
"MD001","MD034","MD001","MD034",NA,66.89,66.89,0.15,6.14,0.54,62.67,71.23,8.2,8.87,0.15,"MD001","MD034",NA,8.54,8.52,0.12,1.71,0.15,6.25,10.79,66.28,67.44,0.15
"MD001","NC103","MD001","NC103",NA,71.14,71.1,0.13,4.03,0.42,67.56,74.59,8.96,9.03,0.03,"MD001","NC103",NA,8.99,8.98,0.09,1.05,0.12,7.19,10.75,70.98,71.19,0.03
"MD001","NC104","MD001","NC104",NA,65.93,65.97,0.17,6.48,0.52,61.56,70.33,9.58,9.69,0.06,"MD001","NC104",NA,9.63,9.61,0.1,1.56,0.15,7.46,11.77,65.71,66.27,0.06
"MD001","NC107","MD001","NC107",NA,68.32,68.28,0.16,6.02,0.73,64.05,72.49,9,9.22,0.05,"MD001","NC107",NA,9.1,9.1,0.09,1.37,0.12,7.04,11.12,68.26,68.52,0.05
"MD001","NC108","MD001","NC108",NA,67.39,67.41,0.13,4.42,0.55,63.73,70.99,9.61,10.12,0.15,"MD001","NC108",NA,9.88,9.86,0.1,1.52,0.16,7.73,11.99,66.75,67.95,0.15
"MD001","NC109","MD001","NC109",NA,68.44,68.44,0.13,4.31,0.39,64.81,72.03,7.5,7.95,0.1,"MD001","NC109",NA,7.73,7.72,0.08,1.22,0.1,5.81,9.65,68.01,68.81,0.1
"MD001","NC120","MD001","NC120",NA,69.48,69.47,0.14,5.35,0.49,65.42,73.44,8.86,9.3,0.09,"MD001","NC120",NA,9.11,9.1,0.11,1.68,0.18,6.84,11.33,69.16,69.75,0.09
"MD001","SC001","MD001","SC001",NA,70.55,70.54,0.14,5.41,0.46,66.56,74.58,10.8,11.57,0.16,"MD001","SC001",NA,11.19,11.15,0.09,1.92,0.18,8.7,13.52,69.98,71.19,0.16
"MD001","SC004","MD001","SC004",NA,69.7,69.64,0.15,4.74,0.5,65.86,73.41,11.57,11.59,0,"MD001","SC004",NA,11.64,11.61,0.11,2.41,0.25,8.9,14.31,69.67,69.57,0
"MD001","SC005","MD001","SC005",NA,71.55,71.51,0.17,5.67,0.51,67.35,75.61,9.42,9.82,0.11,"MD001","SC005",NA,9.65,9.64,0.08,1.27,0.13,7.67,11.57,70.92,71.86,0.11
"MD001","SC037","MD001","SC037",NA,69.6,69.56,0.18,5.95,0.57,65.3,73.79,9.39,9.35,-0.01,"MD001","SC037",NA,9.34,9.33,0.08,1.24,0.14,7.38,11.25,69.59,69.63,-0.01
"MD001","TX017","MD001","TX017",NA,67.09,67.11,0.09,4.77,0.33,63.31,70.93,9.92,9.61,-0.07,"MD001","TX017",NA,9.82,9.81,0.11,1.89,0.17,7.41,12.18,67.3,66.81,-0.07
"MD001","TX018","MD001","TX018",NA,67.23,67.25,0.1,3.74,0.32,63.93,70.63,9.69,10.33,0.17,"MD001","TX018",NA,10.05,10.02,0.09,1.34,0.15,8.03,12.04,66.77,67.92,0.17
"MD001","TX021","MD001","TX021",NA,68.54,68.59,0.12,5.77,0.44,64.43,72.73,11.91,12.06,0.03,"MD001","TX021",NA,12.01,11.99,0.11,2.06,0.19,9.51,14.51,68.49,68.83,0.03
"MD001","TX023","MD001","TX023",NA,69.62,69.63,0.16,6.17,0.71,65.31,73.94,10.15,11.2,0.26,"MD001","TX023",NA,10.63,10.64,0.1,1.56,0.18,8.49,12.81,68.56,70.76,0.26
"MD001","VA028","MD001","VA028",NA,70.01,70,0.15,4.53,0.45,66.33,73.65,8.33,9.28,0.22,"MD001","VA028",NA,8.81,8.83,0.09,1.52,0.18,6.67,10.96,69.18,70.75,0.22
"MD001","VA029","MD001","VA029",NA,67.64,67.66,0.15,3.53,0.44,64.36,70.89,7.79,8.66,0.24,"MD001","VA029",NA,8.2,8.21,0.08,1.23,0.1,6.27,10.11,66.88,68.49,0.24
"MD001","VA031","MD001","VA031",NA,70.04,70.02,0.15,5.64,0.52,65.86,74.1,9.5,10.57,0.27,"MD001","VA031",NA,10.09,10.08,0.1,1.3,0.13,8.07,12.03,68.89,71,0.27
"MD001","VA157","MD001","VA157",NA,69.69,69.67,0.11,4.62,0.36,65.88,73.43,9.36,8.97,-0.11,"MD001","VA157",NA,9.17,9.16,0.07,1.2,0.11,7.24,11.04,70.07,69.18,-0.11
"MD002","MD033","MD002","MD033",NA,69.89,69.9,0.16,4.81,0.51,66.08,73.74,11.7,12.63,0.17,"MD002","MD033",NA,12.16,12.16,0.12,2.76,0.21,9.29,15.03,69.3,70.48,0.17
"MD002","MD034","MD002","MD034",NA,67.86,67.86,0.15,6.19,0.51,63.59,72.2,9.13,8.89,-0.02,"MD002","MD034",NA,9.01,8.99,0.13,1.89,0.22,6.62,11.39,67.75,67.77,-0.02
"MD002","NC103","MD002","NC103",NA,72.11,72.08,0.18,5.24,0.51,68.14,76.08,9.85,9.15,-0.14,"MD002","NC103",NA,9.46,9.45,0.11,1.71,0.15,7.19,11.7,72.61,71.55,-0.14
"MD002","NC104","MD002","NC104",NA,66.9,66.92,0.19,6.41,0.74,62.52,71.28,10.02,10.28,0.05,"MD002","NC104",NA,10.1,10.09,0.1,2.15,0.2,7.56,12.67,66.86,67.11,0.05
"MD002","NC107","MD002","NC107",NA,69.29,69.23,0.18,6.55,0.62,64.77,73.69,9.64,9.48,-0.01,"MD002","NC107",NA,9.56,9.59,0.1,1.86,0.17,7.25,11.97,69.36,69.18,-0.01
"MD002","NC108","MD002","NC108",NA,68.36,68.36,0.09,5.14,0.62,64.47,72.37,10.45,10.22,-0.06,"MD002","NC108",NA,10.35,10.33,0.11,2.13,0.2,7.83,12.91,68.52,68.14,-0.06
"MD002","NC109","MD002","NC109",NA,69.41,69.41,0.14,4.37,0.34,65.75,72.98,8.24,8.17,0,"MD002","NC109",NA,8.19,8.2,0.1,1.99,0.2,5.78,10.68,69.47,69.35,0
"MD002","NC120","MD002","NC120",NA,70.45,70.44,0.18,5.85,0.5,66.23,74.59,9.76,9.43,-0.06,"MD002","NC120",NA,9.58,9.58,0.12,1.99,0.2,7.18,12.05,70.68,70.16,-0.06
"MD002","SC001","MD002","SC001",NA,71.52,71.51,0.18,6.02,0.54,67.28,75.81,11.37,11.79,0.09,"MD002","SC001",NA,11.65,11.63,0.1,2.16,0.16,9.04,14.17,70.94,71.87,0.09
"MD002","SC004","MD002","SC004",NA,70.67,70.63,0.17,5.59,0.62,66.5,74.73,12.55,11.62,-0.17,"MD002","SC004",NA,12.1,12.11,0.12,2.32,0.22,9.46,14.75,71.43,69.84,-0.17
"MD002","SC005","MD002","SC005",NA,72.52,72.49,0.18,5.77,0.53,68.31,76.64,10.17,10.04,-0.02,"MD002","SC005",NA,10.12,10.12,0.09,1.54,0.17,7.97,12.31,72.71,72.42,-0.02
"MD002","SC037","MD002","SC037",NA,70.57,70.51,0.17,5.77,0.68,66.32,74.72,9.84,9.72,-0.05,"MD002","SC037",NA,9.81,9.8,0.08,1.32,0.13,7.81,11.79,70.83,70.38,-0.05
"MD002","TX017","MD002","TX017",NA,68.06,68.07,0.13,3.85,0.43,64.66,71.48,10.23,10.12,-0.04,"MD002","TX017",NA,10.29,10.26,0.1,1.48,0.13,8.16,12.37,68.31,67.91,-0.04
"MD002","TX018","MD002","TX018",NA,68.2,68.21,0.09,3.67,0.41,64.86,71.5,10.24,10.81,0.15,"MD002","TX018",NA,10.51,10.51,0.1,1.53,0.16,8.36,12.65,67.59,68.61,0.15
"MD002","TX021","MD002","TX021",NA,69.51,69.55,0.16,5.75,0.49,65.41,73.72,12.37,12.64,0.06,"MD002","TX021",NA,12.48,12.47,0.11,2.11,0.18,9.96,15.05,69.43,69.83,0.06
"MD002","TX023","MD002","TX023",NA,70.59,70.62,0.18,5.67,0.55,66.5,74.77,11.01,11.3,0.08,"MD002","TX023",NA,11.1,11.12,0.13,1.65,0.12,8.9,13.36,70.37,70.91,0.08
"MD002","VA028","MD002","VA028",NA,70.98,70.95,0.14,4.03,0.49,67.48,74.43,8.98,9.66,0.13,"MD002","VA028",NA,9.28,9.31,0.1,1.74,0.14,7.07,11.6,70.55,71.34,0.13
"MD002","VA029","MD002","VA029",NA,68.61,68.62,0.15,3.29,0.32,65.41,71.73,8.54,8.76,0.05,"MD002","VA029",NA,8.67,8.7,0.09,1.74,0.15,6.44,11,68.42,68.76,0.05
"MD002","VA031","MD002","VA031",NA,71.01,70.98,0.14,5.56,0.59,66.87,75.03,10.3,10.82,0.1,"MD002","VA031",NA,10.56,10.56,0.11,1.99,0.2,8.11,13.01,70.44,71.18,0.1
"MD002","VA157","MD002","VA157",NA,70.66,70.64,0.11,4.29,0.44,67.03,74.25,9.8,9.4,-0.09,"MD002","VA157",NA,9.63,9.63,0.09,1.44,0.13,7.55,11.7,71.04,70.24,-0.09
"MD033","MD034","MD033","MD034",NA,69.31,69.34,0.14,5.97,0.59,65.12,73.59,10.01,11.55,0.29,"MD033","MD034",NA,10.78,10.77,0.12,2.35,0.26,8.11,13.44,68.08,70.44,0.29
"MD033","NC103","MD033","NC103",NA,73.56,73.53,0.21,6.66,0.62,68.99,77.98,10.4,12.01,0.36,"MD033","NC103",NA,11.23,11.23,0.1,1.69,0.13,9.01,13.48,72.03,75.12,0.36
"MD033","NC104","MD033","NC104",NA,68.35,68.38,0.18,5.79,0.43,64.2,72.54,11.76,12.03,0.06,"MD033","NC104",NA,11.87,11.86,0.1,2.01,0.21,9.46,14.33,68.2,68.65,0.06
"MD033","NC107","MD033","NC107",NA,70.74,70.71,0.23,8.66,0.97,65.55,75.85,10.82,11.82,0.18,"MD033","NC107",NA,11.33,11.36,0.09,2.68,0.29,8.51,14.21,69.63,71.51,0.18
"MD033","NC108","MD033","NC108",NA,69.81,69.81,0.16,5.55,0.4,65.73,73.9,11.8,12.45,0.11,"MD033","NC108",NA,12.11,12.11,0.09,2.05,0.21,9.66,14.62,69.36,70.25,0.11
"MD033","NC109","MD033","NC109",NA,70.86,70.87,0.2,7.11,0.61,66.2,75.5,9.06,10.97,0.36,"MD033","NC109",NA,9.96,9.98,0.09,2.55,0.29,7.21,12.76,69.13,72.54,0.36
"MD033","NC120","MD033","NC120",NA,71.9,71.87,0.16,6.53,0.62,67.41,76.26,10.94,11.76,0.19,"MD033","NC120",NA,11.34,11.35,0.09,1.89,0.17,8.97,13.74,70.96,72.64,0.19
"MD033","SC001","MD033","SC001",NA,72.97,72.97,0.21,6.27,0.62,68.72,77.37,13.21,13.55,0.07,"MD033","SC001",NA,13.42,13.41,0.1,1.98,0.2,10.95,15.85,72.63,73.24,0.07
"MD033","SC004","MD033","SC004",NA,72.13,72.08,0.21,7.16,0.68,67.46,76.74,13.23,14.51,0.23,"MD033","SC004",NA,13.87,13.87,0.13,2.79,0.23,10.98,16.79,71.08,73.1,0.23
"MD033","SC005","MD033","SC005",NA,73.97,73.93,0.19,5.92,0.54,69.69,78.15,11.43,12.28,0.17,"MD033","SC005",NA,11.89,11.9,0.09,2.45,0.2,9.18,14.62,73.29,74.58,0.17
"MD033","SC037","MD033","SC037",NA,72.02,71.98,0.2,7.66,0.75,67.23,76.86,10.65,12.4,0.3,"MD033","SC037",NA,11.58,11.56,0.13,2.86,0.28,8.63,14.47,70.63,73.41,0.3
"MD033","TX017","MD033","TX017",NA,69.51,69.54,0.2,6.55,0.39,65.13,74.01,11.52,12.64,0.19,"MD033","TX017",NA,12.06,12.07,0.11,2.82,0.24,9.17,14.99,68.67,70.28,0.19
"MD033","TX018","MD033","TX018",NA,69.66,69.66,0.17,5.37,0.61,65.65,73.67,11.51,13.06,0.29,"MD033","TX018",NA,12.28,12.28,0.1,2.4,0.2,9.58,14.97,68.58,70.86,0.29
"MD033","TX021","MD033","TX021",NA,70.96,71.01,0.16,6.24,0.72,66.68,75.39,14.04,14.41,0.07,"MD033","TX021",NA,14.24,14.24,0.09,1.92,0.14,11.81,16.62,70.7,71.1,0.07
"MD033","TX023","MD033","TX023",NA,72.04,72.03,0.15,6.05,0.72,67.75,76.28,12.55,13.25,0.16,"MD033","TX023",NA,12.87,12.91,0.08,1.91,0.16,10.5,15.3,71.17,72.72,0.16
"MD033","VA028","MD033","VA028",NA,72.43,72.45,0.17,5.14,0.4,68.47,76.37,10.93,11.19,0.06,"MD033","VA028",NA,11.04,11.09,0.08,2.08,0.2,8.58,13.61,72.19,72.66,0.06
"MD033","VA029","MD033","VA029",NA,70.06,70.09,0.18,5.63,0.54,65.98,74.23,9.65,11.39,0.31,"MD033","VA029",NA,10.44,10.48,0.12,2.64,0.17,7.65,13.27,68.85,71.46,0.31
"MD033","VA031","MD033","VA031",NA,72.46,72.44,0.15,5.06,0.5,68.48,76.32,12,12.65,0.15,"MD033","VA031",NA,12.33,12.33,0.09,1.52,0.14,10.17,14.46,71.85,72.89,0.15
"MD033","VA157","MD033","VA157",NA,72.11,72.08,0.18,6.35,0.55,67.73,76.46,10.93,11.77,0.16,"MD033","VA157",NA,11.4,11.41,0.12,2.7,0.18,8.54,14.23,71.35,72.77,0.16
"MD034","NC103","MD034","NC103",NA,71.53,71.5,0.23,9.14,0.81,66.24,76.73,7.53,8.55,0.23,"MD034","NC103",NA,8.07,8.08,0.09,1.71,0.15,5.78,10.34,70.38,72.62,0.23
"MD034","NC104","MD034","NC104",NA,66.32,66.37,0.21,8.36,0.97,61.32,71.34,8.44,8.97,0.11,"MD034","NC104",NA,8.72,8.73,0.09,1.92,0.2,6.32,11.14,65.84,67.05,0.11
"MD034","NC107","MD034","NC107",NA,68.71,68.67,0.2,8.06,0.91,63.73,73.59,7.97,8.57,0.11,"MD034","NC107",NA,8.18,8.21,0.1,2.29,0.24,5.63,10.84,68.26,69.27,0.11
"MD034","NC108","MD034","NC108",NA,67.78,67.79,0.18,8.51,0.95,62.75,72.83,8.6,9.25,0.13,"MD034","NC108",NA,8.96,8.97,0.1,1.84,0.22,6.61,11.29,67.14,68.4,0.13
"MD034","NC109","MD034","NC109",NA,68.84,68.83,0.21,7.48,0.67,64.07,73.56,6.74,6.9,0.04,"MD034","NC109",NA,6.81,6.84,0.11,2.3,0.19,4.22,9.42,68.73,69.05,0.04
"MD034","NC120","MD034","NC120",NA,69.87,69.85,0.19,6.3,0.5,65.49,74.18,7.95,8.5,0.12,"MD034","NC120",NA,8.19,8.2,0.12,1.96,0.19,5.78,10.61,69.37,70.36,0.12
"MD034","SC001","MD034","SC001",NA,70.94,70.93,0.19,5.89,0.6,66.67,75.08,9.47,11.08,0.3,"MD034","SC001",NA,10.27,10.27,0.11,2.34,0.29,7.62,12.93,69.65,72.13,0.3
"MD034","SC004","MD034","SC004",NA,70.1,70.04,0.15,3.77,0.31,66.73,73.39,10.05,11.5,0.31,"MD034","SC004",NA,10.72,10.73,0.09,1.96,0.18,8.29,13.17,68.95,71,0.31
"MD034","SC005","MD034","SC005",NA,71.95,71.88,0.22,7.4,0.68,67.18,76.57,8.53,9.11,0.11,"MD034","SC005",NA,8.74,8.75,0.12,2.12,0.23,6.26,11.28,71.32,72.5,0.11
"MD034","SC037","MD034","SC037",NA,69.99,69.97,0.19,7.09,0.75,65.39,74.71,8.17,8.76,0.13,"MD034","SC037",NA,8.42,8.46,0.08,1.5,0.15,6.29,10.57,69.36,70.54,0.13
"MD034","TX017","MD034","TX017",NA,67.48,67.49,0.16,4.6,0.46,63.8,71.24,8.4,9.48,0.21,"MD034","TX017",NA,8.9,8.91,0.1,2.08,0.24,6.42,11.44,66.69,68.29,0.21
"MD034","TX018","MD034","TX018",NA,67.63,67.64,0.16,7.23,0.65,62.99,72.34,8.28,9.96,0.35,"MD034","TX018",NA,9.13,9.13,0.1,1.99,0.21,6.69,11.59,65.89,69.24,0.35
"MD034","TX021","MD034","TX021",NA,68.93,68.98,0.17,6.17,0.66,64.66,73.29,10.07,12,0.35,"MD034","TX021",NA,11.09,11.1,0.11,2.74,0.24,8.23,13.96,67.49,70.41,0.35
"MD034","TX023","MD034","TX023",NA,70.01,70.01,0.15,5.42,0.49,65.94,74.01,9.2,10.37,0.23,"MD034","TX023",NA,9.71,9.75,0.13,2.32,0.2,7.09,12.39,69.18,70.98,0.23
"MD034","VA028","MD034","VA028",NA,70.4,70.38,0.18,4.84,0.53,66.58,74.16,7.73,8.18,0.09,"MD034","VA028",NA,7.89,7.94,0.11,2.1,0.19,5.41,10.43,69.94,70.79,0.09
"MD034","VA029","MD034","VA029",NA,68.03,68.06,0.19,6.32,0.52,63.74,72.48,7.34,7.14,-0.04,"MD034","VA029",NA,7.29,7.32,0.11,1.7,0.15,5.06,9.59,68.25,67.82,-0.04
"MD034","VA031","MD034","VA031",NA,70.44,70.41,0.2,7.42,0.7,65.66,75.07,8.38,10.08,0.36,"MD034","VA031",NA,9.17,9.2,0.09,1.93,0.27,6.79,11.58,68.87,72.11,0.36
"MD034","VA157","MD034","VA157",NA,70.08,70.06,0.19,7.42,0.68,65.33,74.75,7.66,8.86,0.24,"MD034","VA157",NA,8.25,8.26,0.11,2.1,0.23,5.74,10.76,68.98,71.15,0.24
"NC103","NC104","NC103","NC104",73.75,70.57,70.63,0.18,5.55,0.59,66.56,74.7,9.24,9.08,-0.06,"NC103","NC104",NA,9.16,9.16,0.08,1.02,0.1,7.41,10.91,70.66,70.28,-0.06
"NC103","NC107","NC103","NC107",72.39,72.96,72.98,0.13,5.54,0.52,68.83,77.02,8.53,8.77,0.07,"NC103","NC107",7.84,8.63,8.65,0.09,1.42,0.12,6.57,10.73,72.55,73.1,0.07
"NC103","NC108","NC103","NC108",75.53,72.03,72.07,0.14,4.53,0.34,68.38,75.79,9.63,9.07,-0.18,"NC103","NC108",9.06,9.41,9.4,0.09,0.88,0.08,7.79,11.04,72.61,71.45,-0.18
"NC103","NC109","NC103","NC109",71.94,73.09,73.13,0.12,4.51,0.46,69.4,76.8,6.71,7.91,0.28,"NC103","NC109",NA,7.25,7.28,0.1,1.48,0.1,5.18,9.4,72.06,74.11,0.28
"NC103","NC120","NC103","NC120",73.89,74.12,74.14,0.14,3.94,0.45,70.66,77.55,8.43,8.81,0.1,"NC103","NC120",NA,8.64,8.64,0.08,0.98,0.1,6.92,10.35,73.8,74.41,0.1
"NC103","SC001","NC103","SC001",78.42,75.2,75.21,0.14,6.26,0.77,70.89,79.55,10.39,11.11,0.17,"NC103","SC001",NA,10.71,10.7,0.09,1.79,0.15,8.39,13.03,74.59,76.04,0.17
"NC103","SC004","NC103","SC004",76.56,74.35,74.32,0.19,6.88,0.68,69.71,78.83,11.08,11.23,0.04,"NC103","SC004",NA,11.17,11.16,0.08,1.74,0.18,8.89,13.48,74.22,74.48,0.04
"NC103","SC005","NC103","SC005",72.55,76.2,76.18,0.14,4.28,0.36,72.56,79.77,8.93,9.47,0.12,"NC103","SC005",NA,9.18,9.18,0.1,1.45,0.13,7.09,11.27,75.82,76.66,0.12
"NC103","SC037","NC103","SC037",75.65,74.24,74.24,0.16,5.72,0.54,70,78.34,8.77,9.03,0.07,"NC103","SC037",NA,8.87,8.88,0.08,1.57,0.16,6.7,11.05,73.96,74.59,0.07
"NC103","TX017","NC103","TX017",71.39,71.73,71.75,0.16,6.28,0.63,67.35,76.06,9.44,9.17,-0.06,"NC103","TX017",NA,9.35,9.35,0.06,1.66,0.14,7.12,11.64,71.91,71.36,-0.06
"NC103","TX018","NC103","TX018",73.69,71.88,71.9,0.18,5.13,0.46,67.97,75.79,9.82,9.31,-0.11,"NC103","TX018",NA,9.57,9.57,0.09,1.38,0.11,7.54,11.62,72.39,71.37,-0.11
"NC103","TX021","NC103","TX021",74.46,73.18,73.26,0.17,6.03,0.61,68.98,77.48,11.17,11.99,0.17,"NC103","TX021",NA,11.54,11.54,0.1,2.34,0.2,8.92,14.22,72.65,74.09,0.17
"NC103","TX023","NC103","TX023",78.65,74.26,74.3,0.2,6.71,0.6,69.77,78.75,9.43,11,0.34,"NC103","TX023",NA,10.16,10.2,0.09,2.05,0.22,7.74,12.71,72.86,75.9,0.34
"NC103","VA028","NC103","VA028",NA,74.65,74.68,0.17,4.85,0.42,70.83,78.46,7.78,9.14,0.28,"NC103","VA028",NA,8.34,8.37,0.1,2.11,0.22,5.86,10.87,73.67,75.76,0.28
"NC103","VA029","NC103","VA029",NA,72.28,72.34,0.16,4.85,0.39,68.46,76.1,7.34,8.17,0.22,"NC103","VA029",NA,7.73,7.75,0.09,1.15,0.12,5.88,9.58,71.39,73.08,0.22
"NC103","VA031","NC103","VA031",NA,74.69,74.7,0.15,4.09,0.22,71.2,78.14,9,10.2,0.35,"NC103","VA031",NA,9.62,9.62,0.1,1.16,0.09,7.76,11.48,73.65,75.75,0.35
"NC103","VA157","NC103","VA157",NA,74.34,74.35,0.11,3.48,0.32,71.05,77.51,9.06,8.36,-0.21,"NC103","VA157",NA,8.7,8.7,0.08,1,0.1,6.98,10.44,75.03,73.62,-0.21
"NC104","NC107","NC104","NC107",73.51,67.74,67.7,0.18,6.05,0.62,63.48,72.02,9.02,9.39,0.1,"NC104","NC107",NA,9.27,9.3,0.06,1.51,0.12,7.19,11.44,67.31,68.13,0.1
"NC104","NC108","NC104","NC108",76.65,66.82,66.79,0.15,3.56,0.33,63.49,70.07,10.16,9.96,-0.05,"NC104","NC108",NA,10.05,10.05,0.05,0.65,0.07,8.65,11.45,66.99,66.71,-0.05
"NC104","NC109","NC104","NC109",73.05,67.87,67.84,0.2,5.91,0.71,63.66,72.07,7.44,8.36,0.19,"NC104","NC109",NA,7.9,7.92,0.08,1.79,0.14,5.63,10.25,67.11,68.75,0.19
"NC104","NC120","NC104","NC120",75.01,68.9,68.84,0.22,6.67,0.59,64.39,73.32,9.47,9.11,-0.09,"NC104","NC120",NA,9.28,9.29,0.07,1.2,0.12,7.37,11.21,69.15,68.32,-0.09
"NC104","SC001","NC104","SC001",79.54,69.98,69.93,0.21,7.52,0.72,65.24,74.67,10.97,11.79,0.23,"NC104","SC001",NA,11.36,11.36,0.07,1.35,0.15,9.33,13.36,68.92,71.17,0.23
"NC104","SC004","NC104","SC004",77.67,69.13,69.05,0.25,10.37,1.13,63.56,74.63,11.67,12.09,0.1,"NC104","SC004",NA,11.81,11.81,0.09,1.67,0.2,9.53,14.03,68.47,69.43,0.1
"NC104","SC005","NC104","SC005",73.66,70.98,70.89,0.24,7.16,0.81,66.23,75.51,9.76,9.89,0.02,"NC104","SC005",NA,9.83,9.84,0.09,1.5,0.13,7.69,11.95,70.8,70.97,0.02
"NC104","SC037","NC104","SC037",76.76,69.03,68.96,0.19,8.33,0.81,63.97,73.99,9.57,9.49,0,"NC104","SC037",NA,9.51,9.54,0.08,2,0.19,7.09,11.99,68.85,68.91,0
"NC104","TX017","NC104","TX017",72.5,66.51,66.48,0.17,7.97,0.81,61.59,71.35,9.88,10.15,0.05,"NC104","TX017",NA,9.99,9.99,0.07,1.62,0.15,7.79,12.23,66.11,66.81,0.05
"NC104","TX018","NC104","TX018",74.81,66.66,66.62,0.19,6.98,0.65,62.03,71.17,9.72,10.7,0.24,"NC104","TX018",NA,10.22,10.23,0.06,1.44,0.14,8.16,12.32,65.55,67.55,0.24
"NC104","TX021","NC104","TX021",75.57,67.97,67.98,0.17,7.21,0.58,63.3,72.6,11.46,12.78,0.31,"NC104","TX021",NA,12.18,12.19,0.08,1.97,0.2,9.78,14.66,66.49,69.31,0.31
"NC104","TX023","NC104","TX023",79.77,69.04,69.02,0.17,7.99,0.95,64.18,73.99,10.41,11.14,0.15,"NC104","TX023",NA,10.8,10.84,0.1,2.16,0.31,8.28,13.36,68.22,69.75,0.15
"NC104","VA028","NC104","VA028",NA,69.44,69.4,0.17,6.19,0.63,65.07,73.7,8.82,9.21,0.06,"NC104","VA028",NA,8.98,9.03,0.09,2.64,0.24,6.19,11.84,69.17,69.71,0.06
"NC104","VA029","NC104","VA029",NA,67.06,67.04,0.17,5.7,0.54,62.93,71.22,8.51,8.38,-0.04,"NC104","VA029",NA,8.38,8.4,0.08,1.8,0.16,6.09,10.74,67.08,67,-0.04
"NC104","VA031","NC104","VA031",NA,69.47,69.42,0.18,5.14,0.39,65.53,73.4,10.13,10.52,0.11,"NC104","VA031",NA,10.26,10.28,0.07,1.21,0.13,8.35,12.16,69.07,69.85,0.11
"NC104","VA157","NC104","VA157",NA,69.12,69.07,0.19,6.53,0.59,64.7,73.48,9.45,9.18,-0.05,"NC104","VA157",NA,9.34,9.35,0.06,1.16,0.09,7.46,11.2,69.28,68.88,-0.05
"NC107","NC108","NC107","NC108",75.29,69.21,69.22,0.17,6.73,0.44,64.66,73.68,9.32,9.66,0.1,"NC107","NC108",10.32,9.52,9.48,0.07,1.17,0.11,7.61,11.38,68.88,69.81,0.1
"NC107","NC109","NC107","NC109",71.7,70.26,70.27,0.17,4.04,0.38,66.82,73.79,6.96,7.75,0.24,"NC107","NC109",NA,7.36,7.36,0.06,0.95,0.1,5.69,9.05,69.41,71.16,0.24
"NC107","NC120","NC107","NC120",73.65,71.29,71.29,0.16,5.13,0.48,67.36,75.21,8.27,9.16,0.22,"NC107","NC120",NA,8.75,8.73,0.07,1.52,0.16,6.59,10.87,70.42,72.14,0.22
"NC107","SC001","NC107","SC001",78.18,72.37,72.37,0.19,5.78,0.53,68.25,76.62,9.99,11.58,0.31,"NC107","SC001",NA,10.82,10.78,0.09,2.04,0.21,8.27,13.25,71.02,73.67,0.31
"NC107","SC004","NC107","SC004",76.32,71.52,71.49,0.22,7.1,0.79,66.89,76.1,10.74,11.72,0.18,"NC107","SC004",NA,11.28,11.25,0.11,2.44,0.26,8.54,13.95,70.61,72.25,0.18
"NC107","SC005","NC107","SC005",72.3,73.37,73.32,0.15,4.93,0.37,69.47,77.19,8.75,9.89,0.3,"NC107","SC005",NA,9.29,9.27,0.08,1.1,0.12,7.45,11.09,72.3,74.45,0.3
"NC107","SC037","NC107","SC037",75.41,71.42,71.38,0.14,6.14,0.41,67.13,75.77,9.21,8.73,-0.1,"NC107","SC037",NA,8.98,8.95,0.1,1.33,0.1,6.94,10.96,71.69,70.92,-0.1
"NC107","TX017","NC107","TX017",71.15,68.9,68.93,0.16,7.22,0.77,64.28,73.6,9.21,9.65,0.08,"NC107","TX017",NA,9.46,9.44,0.09,1.95,0.18,7.03,11.9,68.84,69.23,0.08
"NC107","TX018","NC107","TX018",73.45,69.05,69.08,0.18,9,0.87,63.88,74.29,9.41,9.88,0.12,"NC107","TX018",NA,9.68,9.66,0.07,1.46,0.15,7.57,11.76,68.54,69.62,0.12
"NC107","TX021","NC107","TX021",74.22,70.36,70.42,0.18,4.86,0.6,66.53,74.2,11.67,11.62,-0.02,"NC107","TX021",NA,11.65,11.63,0.11,2.2,0.21,9.01,14.18,70.58,70.35,-0.02
"NC107","TX023","NC107","TX023",78.41,71.43,71.48,0.18,5.12,0.63,67.55,75.4,9.85,10.69,0.2,"NC107","TX023",NA,10.27,10.28,0.1,1.8,0.23,7.96,12.63,70.76,72.21,0.2
"NC107","VA028","NC107","VA028",NA,71.83,71.84,0.15,4.89,0.51,67.97,75.71,7.89,8.98,0.22,"NC107","VA028",NA,8.45,8.46,0.09,1.91,0.21,6.07,10.88,71.03,72.65,0.22
"NC107","VA029","NC107","VA029",NA,69.45,69.48,0.18,5.41,0.53,65.45,73.49,7.7,7.97,0.06,"NC107","VA029",NA,7.84,7.84,0.08,1.62,0.18,5.65,10.03,69.19,69.64,0.06
"NC107","VA031","NC107","VA031",NA,71.86,71.85,0.13,5.42,0.57,67.83,75.93,9.34,10.23,0.22,"NC107","VA031",NA,9.73,9.71,0.09,1.8,0.21,7.35,12,70.98,72.69,0.22
"NC107","VA157","NC107","VA157",NA,71.51,71.53,0.14,4.46,0.46,67.87,75.2,8.45,9.19,0.15,"NC107","VA157",NA,8.8,8.79,0.08,1.68,0.14,6.52,11.02,70.97,72.09,0.15
"NC108","NC109","NC108","NC109",74.84,69.34,69.32,0.19,6.18,0.55,64.99,73.62,7.76,8.64,0.2,"NC108","NC109",NA,8.14,8.17,0.09,1.81,0.16,5.82,10.49,68.49,70.19,0.2
"NC108","NC120","NC108","NC120",76.79,70.37,70.35,0.2,6.44,0.62,65.97,74.8,9.72,9.29,-0.12,"NC108","NC120",NA,9.53,9.54,0.07,1.17,0.13,7.65,11.42,70.94,69.82,-0.12
"NC108","SC001","NC108","SC001",81.32,71.44,71.43,0.19,8.23,0.85,66.5,76.41,11.36,11.93,0.15,"NC108","SC001",NA,11.6,11.6,0.07,1.55,0.18,9.42,13.78,70.75,72.21,0.15
"NC108","SC004","NC108","SC004",79.46,70.6,70.53,0.21,9.17,1.06,65.37,75.74,12.02,12.17,0.04,"NC108","SC004",NA,12.06,12.06,0.1,1.78,0.21,9.72,14.34,70.29,70.74,0.04
"NC108","SC005","NC108","SC005",75.44,72.45,72.38,0.19,6.98,0.87,67.83,77.01,10.02,10.11,0.03,"NC108","SC005",NA,10.07,10.08,0.1,1.34,0.15,8.08,12.11,72.26,72.45,0.03
"NC108","SC037","NC108","SC037",78.55,70.49,70.46,0.2,7.57,0.87,65.78,75.28,9.98,9.63,-0.05,"NC108","SC037",NA,9.76,9.79,0.09,1.72,0.17,7.53,12.11,70.51,70.16,-0.05
"NC108","TX017","NC108","TX017",74.29,67.98,67.97,0.13,6.83,0.72,63.42,72.49,10.33,10.16,-0.04,"NC108","TX017",NA,10.24,10.25,0.07,1.83,0.18,7.92,12.63,68.03,67.62,-0.04
"NC108","TX018","NC108","TX018",76.59,68.13,68.12,0.12,5.44,0.58,64.12,72.18,10.41,10.56,0.05,"NC108","TX018",NA,10.46,10.45,0.05,1.12,0.12,8.63,12.29,67.83,68.21,0.05
"NC108","TX021","NC108","TX021",77.35,69.43,69.47,0.18,8.15,0.78,64.54,74.45,12.07,12.8,0.17,"NC108","TX021",NA,12.43,12.43,0.08,2.02,0.23,9.99,14.91,68.59,70.17,0.17
"NC108","TX023","NC108","TX023",81.55,70.51,70.53,0.21,8.34,1.09,65.51,75.59,10.75,11.45,0.15,"NC108","TX023",NA,11.05,11.09,0.09,2.14,0.28,8.56,13.64,69.71,71.25,0.15
"NC108","VA028","NC108","VA028",NA,70.9,70.89,0.16,5.49,0.71,66.84,74.95,9,9.62,0.11,"NC108","VA028",NA,9.23,9.27,0.09,2.42,0.23,6.55,11.95,70.48,71.35,0.11
"NC108","VA029","NC108","VA029",NA,68.53,68.53,0.16,4.7,0.42,64.77,72.29,8.54,8.72,0.03,"NC108","VA029",NA,8.62,8.64,0.08,1.54,0.14,6.51,10.77,68.44,68.83,0.03
"NC108","VA031","NC108","VA031",NA,70.94,70.9,0.18,6.33,0.68,66.52,75.24,10.37,10.69,0.09,"NC108","VA031",NA,10.51,10.52,0.08,1.36,0.11,8.5,12.51,70.65,71.17,0.09
"NC108","VA157","NC108","VA157",NA,70.58,70.57,0.16,5.79,0.61,66.43,74.72,9.91,9.34,-0.12,"NC108","VA157",NA,9.58,9.59,0.09,1.55,0.15,7.41,11.75,71.06,70.14,-0.12
"NC109","NC120","NC109","NC120",73.2,71.42,71.4,0.16,3.78,0.33,68.05,74.79,6.7,8.09,0.32,"NC109","NC120",NA,7.37,7.36,0.08,1.44,0.15,5.27,9.42,70.32,72.49,0.32
"NC109","SC001","NC109","SC001",77.73,72.5,72.48,0.14,4.75,0.43,68.68,76.26,8.58,10.28,0.29,"NC109","SC001",NA,9.45,9.42,0.1,2.72,0.26,6.55,12.27,71.45,73.58,0.29
"NC109","SC004","NC109","SC004",75.86,71.65,71.59,0.2,6.37,0.62,67.27,76,9.58,10.46,0.16,"NC109","SC004",NA,9.9,9.89,0.11,2.85,0.28,6.93,12.79,70.82,72.36,0.16
"NC109","SC005","NC109","SC005",71.85,73.5,73.46,0.14,4.63,0.36,69.75,77.22,7.3,8.52,0.28,"NC109","SC005",NA,7.92,7.9,0.07,1.48,0.15,5.78,10.03,72.43,74.43,0.28
"NC109","SC037","NC109","SC037",74.95,71.54,71.51,0.18,7.08,0.76,66.94,76.19,7.37,7.84,0.11,"NC109","SC037",NA,7.6,7.61,0.11,1.78,0.16,5.3,9.95,71,72.14,0.11
"NC109","TX017","NC109","TX017",70.69,69.03,69.04,0.17,6.55,0.57,64.65,73.54,8.02,8.27,0.06,"NC109","TX017",NA,8.09,8.06,0.1,2.24,0.25,5.51,10.71,68.8,69.27,0.06
"NC109","TX018","NC109","TX018",73,69.18,69.19,0.16,6.32,0.64,64.86,73.59,7.82,8.95,0.23,"NC109","TX018",NA,8.31,8.28,0.09,1.94,0.24,5.9,10.74,68.25,70.26,0.23
"NC109","TX021","NC109","TX021",73.76,70.48,70.54,0.14,6.28,0.53,66.16,74.87,9.94,10.69,0.13,"NC109","TX021",NA,10.27,10.26,0.11,2.82,0.25,7.31,13.2,69.91,71.02,0.13
"NC109","TX023","NC109","TX023",77.96,71.56,71.58,0.21,6.71,0.61,67.09,76.06,7.95,9.98,0.4,"NC109","TX023",NA,8.89,8.9,0.11,2.12,0.24,6.4,11.46,69.94,73.41,0.4
"NC109","VA028","NC109","VA028",NA,71.95,71.95,0.14,4.22,0.36,68.37,75.54,6.71,7.36,0.13,"NC109","VA028",NA,7.07,7.08,0.09,1.72,0.13,4.84,9.38,71.42,72.31,0.13
"NC109","VA029","NC109","VA029",NA,69.58,69.59,0.16,4.4,0.38,65.93,73.2,5.96,6.94,0.24,"NC109","VA029",NA,6.47,6.47,0.09,1.42,0.12,4.4,8.55,68.75,70.53,0.24
"NC109","VA031","NC109","VA031",NA,71.99,71.96,0.12,4.62,0.47,68.27,75.71,7.49,9.17,0.35,"NC109","VA031",NA,8.35,8.34,0.1,1.84,0.14,5.99,10.68,70.54,73.26,0.35
"NC109","VA157","NC109","VA157",NA,71.64,71.62,0.08,4.13,0.36,68.14,75.18,6.96,7.96,0.21,"NC109","VA157",NA,7.43,7.42,0.08,1.71,0.14,5.15,9.69,70.79,72.37,0.21
"NC120","SC001","NC120","SC001",79.68,73.53,73.53,0.16,4.51,0.48,69.87,77.25,10.34,11.34,0.23,"NC120","SC001",NA,10.83,10.81,0.09,1.54,0.16,8.63,12.96,72.78,74.41,0.23
"NC120","SC004","NC120","SC004",77.81,72.68,72.64,0.18,5.43,0.5,68.62,76.68,11.15,11.44,0.07,"NC120","SC004",NA,11.29,11.28,0.1,1.68,0.15,9,13.52,72.27,73.02,0.07
"NC120","SC005","NC120","SC005",73.8,74.53,74.5,0.12,2.9,0.25,71.54,77.48,8.69,9.85,0.28,"NC120","SC005",NA,9.3,9.3,0.1,1.47,0.14,7.18,11.4,73.71,75.32,0.28
"NC120","SC037","NC120","SC037",76.91,72.58,72.56,0.17,5.82,0.51,68.36,76.77,8.7,9.39,0.16,"NC120","SC037",NA,8.99,9,0.11,2.09,0.19,6.49,11.53,71.95,73.3,0.16
"NC120","TX017","NC120","TX017",72.65,70.06,70.1,0.16,5.14,0.5,66.18,74,9.53,9.4,-0.03,"NC120","TX017",NA,9.47,9.46,0.09,1.5,0.13,7.36,11.62,70.24,70.02,-0.03
"NC120","TX018","NC120","TX018",74.95,70.21,70.24,0.2,7.12,0.61,65.63,74.91,9.64,9.62,0,"NC120","TX018",NA,9.69,9.68,0.09,1.6,0.19,7.5,11.87,70.24,70.31,0
"NC120","TX021","NC120","TX021",75.71,71.52,71.58,0.16,5.02,0.47,67.7,75.49,11.34,11.9,0.1,"NC120","TX021",NA,11.66,11.65,0.1,1.93,0.17,9.25,14.06,71.16,72,0.1
"NC120","TX023","NC120","TX023",79.91,72.59,72.62,0.12,3.82,0.41,69.21,75.98,9.34,11.32,0.43,"NC120","TX023",NA,10.28,10.31,0.1,1.76,0.2,8.03,12.61,71.19,74.11,0.43
"NC120","VA028","NC120","VA028",NA,72.99,72.99,0.13,3.04,0.3,69.95,76.02,7.94,9.09,0.22,"NC120","VA028",NA,8.46,8.49,0.11,2.17,0.23,5.95,11.01,72.28,73.71,0.22
"NC120","VA029","NC120","VA029",NA,70.61,70.64,0.17,5.62,0.39,66.51,74.78,7.58,8.16,0.14,"NC120","VA029",NA,7.85,7.86,0.08,1.56,0.15,5.7,10.02,70.02,71.18,0.14
"NC120","VA031","NC120","VA031",NA,73.02,73.02,0.11,3.15,0.3,69.94,76.07,9.2,10.32,0.28,"NC120","VA031",NA,9.74,9.74,0.1,1.51,0.14,7.62,11.87,72.18,73.75,0.28
"NC120","VA157","NC120","VA157",NA,72.67,72.67,0.14,3.27,0.28,69.56,75.83,8.56,9.05,0.13,"NC120","VA157",NA,8.81,8.82,0.08,1.18,0.11,6.94,10.71,72.26,73.03,0.13
"SC001","SC004","SC001","SC004",82.35,73.76,73.73,0.16,4.81,0.49,69.98,77.58,13.06,13.9,0.19,"SC001","SC004",NA,13.36,13.38,0.1,2.05,0.15,10.9,15.83,73.08,74.36,0.19
"SC001","SC005","SC001","SC005",78.33,75.61,75.58,0.15,4.53,0.44,71.85,79.23,10.77,12.12,0.27,"SC001","SC005",NA,11.38,11.39,0.1,1.75,0.19,9.1,13.68,74.41,76.57,0.27
"SC001","SC037","SC001","SC037",81.44,73.65,73.63,0.2,6.95,0.68,69.03,78.19,10.69,11.43,0.14,"SC001","SC037",NA,11.07,11.1,0.09,2.31,0.22,8.48,13.78,73.06,74.28,0.14
"SC001","TX017","SC001","TX017",77.18,71.14,71.18,0.16,6.15,0.57,66.88,75.53,11.47,11.66,0.06,"SC001","TX017",NA,11.55,11.57,0.1,1.99,0.16,9.15,14.04,70.98,71.32,0.06
"SC001","TX018","SC001","TX018",79.48,71.29,71.31,0.18,6.4,0.6,66.93,75.61,11.27,12.23,0.23,"SC001","TX018",NA,11.77,11.78,0.07,1.63,0.16,9.58,14,70.4,72.3,0.23
"SC001","TX021","SC001","TX021",80.25,72.59,72.67,0.16,4.41,0.39,68.97,76.34,13.64,13.76,0.03,"SC001","TX021",NA,13.73,13.74,0.06,1.4,0.11,11.7,15.83,72.53,72.79,0.03
"SC001","TX023","SC001","TX023",84.44,73.67,73.71,0.21,4.92,0.36,69.86,77.55,12.1,12.7,0.14,"SC001","TX023",NA,12.35,12.4,0.08,1.6,0.17,10.21,14.58,73.12,74.24,0.14
"SC001","VA028","SC001","VA028",NA,74.06,74.08,0.18,4.39,0.47,70.46,77.76,10.71,10.42,-0.04,"SC001","VA028",NA,10.53,10.58,0.06,2.09,0.21,8.12,13.1,74.06,73.91,-0.04
"SC001","VA029","SC001","VA029",NA,71.69,71.73,0.19,6.3,0.47,67.44,76.12,9.96,10.01,0.01,"SC001","VA029",NA,9.93,9.96,0.1,2.2,0.24,7.43,12.55,71.61,71.84,0.01
"SC001","VA031","SC001","VA031",NA,74.1,74.09,0.15,3.95,0.38,70.67,77.59,11.61,11.97,0.12,"SC001","VA031",NA,11.81,11.83,0.07,1.05,0.1,10.04,13.59,73.64,74.45,0.12
"SC001","VA157","SC001","VA157",NA,73.75,73.75,0.13,3.77,0.33,70.33,77.1,10.58,11.19,0.14,"SC001","VA157",NA,10.89,10.91,0.08,1.54,0.13,8.74,13.04,73.2,74.16,0.14
"SC004","SC005","SC004","SC005",76.47,74.76,74.75,0.16,5.74,0.59,70.6,78.85,11.82,11.77,-0.03,"SC004","SC005",NA,11.83,11.84,0.12,1.68,0.13,9.6,14.07,74.72,74.49,-0.03
"SC004","SC037","SC004","SC037",79.57,72.8,72.81,0.15,5.3,0.46,68.74,76.71,11.25,11.77,0.09,"SC004","SC037",NA,11.52,11.54,0.1,2.56,0.32,8.74,14.29,72.32,73.13,0.09
"SC004","TX017","SC004","TX017",75.31,70.29,70.34,0.16,3.6,0.27,66.99,73.6,12.22,11.63,-0.13,"SC004","TX017",NA,12,12,0.09,1.77,0.17,9.66,14.29,70.68,69.83,-0.13
"SC004","TX018","SC004","TX018",77.62,70.44,70.49,0.16,6.26,0.58,66.1,74.79,11.96,12.39,0.09,"SC004","TX018",NA,12.22,12.21,0.1,1.88,0.19,9.86,14.62,69.99,70.89,0.09
"SC004","TX021","SC004","TX021",78.38,71.75,71.84,0.16,5.55,0.52,67.77,75.92,13.7,14.62,0.2,"SC004","TX021",NA,14.19,14.19,0.11,2.27,0.19,11.6,16.79,71.13,72.6,0.2
"SC004","TX023","SC004","TX023",82.58,72.82,72.87,0.2,5,0.45,69.02,76.74,12.4,13.25,0.14,"SC004","TX023",NA,12.81,12.85,0.13,2.45,0.29,10.13,15.54,72.32,73.24,0.14
"SC004","VA028","SC004","VA028",NA,73.21,73.25,0.19,4.82,0.57,69.46,77.03,10.35,11.51,0.17,"SC004","VA028",NA,10.99,11.02,0.11,3.33,0.3,7.84,14.21,72.63,73.82,0.17
"SC004","VA029","SC004","VA029",NA,70.84,70.91,0.22,6.17,0.69,66.61,75.25,10.32,10.39,0,"SC004","VA029",NA,10.38,10.4,0.07,2,0.15,7.99,12.87,70.95,71.01,0
"SC004","VA031","SC004","VA031",NA,73.25,73.27,0.19,7,0.73,68.65,77.8,11.44,13,0.28,"SC004","VA031",NA,12.27,12.28,0.1,2.4,0.27,9.59,14.95,71.88,74.48,0.28
"SC004","VA157","SC004","VA157",NA,72.9,72.93,0.18,5.56,0.5,68.84,77,11.16,11.51,0.08,"SC004","VA157",NA,11.34,11.35,0.09,1.94,0.15,8.93,13.75,72.5,73.17,0.08
"SC005","SC037","SC005","SC037",75.56,74.65,74.66,0.13,5.78,0.62,70.44,78.8,9.21,9.85,0.14,"SC005","SC037",NA,9.53,9.54,0.1,1.75,0.2,7.22,11.81,73.93,75.28,0.14
"SC005","TX017","SC005","TX017",71.3,72.14,72.2,0.14,5.78,0.6,68.01,76.36,9.87,10.14,0.06,"SC005","TX017",NA,10.01,10.02,0.11,1.76,0.12,7.74,12.34,71.91,72.45,0.06
"SC005","TX018","SC005","TX018",73.6,72.29,72.34,0.21,7.6,0.91,67.57,77.12,10.12,10.33,0.04,"SC005","TX018",NA,10.24,10.22,0.09,1.17,0.1,8.35,12.11,72.01,72.53,0.04
"SC005","TX021","SC005","TX021",74.37,73.59,73.69,0.17,5.4,0.53,69.69,77.73,12.04,12.45,0.07,"SC005","TX021",NA,12.2,12.19,0.12,2.18,0.18,9.65,14.77,73.34,73.95,0.07
"SC005","TX023","SC005","TX023",78.56,74.67,74.73,0.19,4.63,0.52,70.97,78.49,9.95,11.76,0.39,"SC005","TX023",NA,10.82,10.85,0.13,1.91,0.2,8.45,13.21,73.29,76.17,0.39
"SC005","VA028","SC005","VA028",NA,75.06,75.11,0.14,3.2,0.3,72.02,78.22,8.86,9.22,0.08,"SC005","VA028",NA,9,9.03,0.09,1.94,0.18,6.64,11.42,74.97,75.41,0.08
"SC005","VA029","SC005","VA029",NA,72.69,72.76,0.2,5.4,0.5,68.72,76.79,7.94,8.8,0.2,"SC005","VA029",NA,8.39,8.41,0.11,1.64,0.18,6.17,10.58,71.79,73.42,0.2
"SC005","VA031","SC005","VA031",NA,75.1,75.13,0.14,3.01,0.23,72.11,78.17,9.51,11.07,0.32,"SC005","VA031",NA,10.28,10.28,0.11,1.92,0.21,7.87,12.66,74.13,76,0.32
"SC005","VA157","SC005","VA157",NA,74.75,74.79,0.14,3.27,0.3,71.61,77.94,8.58,10.04,0.36,"SC005","VA157",NA,9.36,9.36,0.09,1.61,0.13,7.13,11.55,73.71,75.87,0.36
"SC037","TX017","SC037","TX017",74.4,70.19,70.21,0.17,5.59,0.75,66.07,74.31,9.32,10.03,0.15,"SC037","TX017",NA,9.7,9.69,0.09,1.77,0.23,7.39,12,69.56,70.66,0.15
"SC037","TX018","SC037","TX018",76.71,70.33,70.39,0.16,5.41,0.45,66.36,74.46,9.83,9.98,0.05,"SC037","TX018",NA,9.92,9.9,0.1,1.57,0.16,7.75,12.11,70.18,70.49,0.05
"SC037","TX021","SC037","TX021",77.47,71.64,71.72,0.18,5.91,0.66,67.53,75.99,11.26,12.49,0.23,"SC037","TX021",NA,11.89,11.88,0.12,2.43,0.22,9.16,14.57,70.82,72.67,0.23
"SC037","TX023","SC037","TX023",81.67,72.72,72.77,0.22,5.96,0.51,68.55,77.05,9.87,11.27,0.31,"SC037","TX023",NA,10.51,10.54,0.13,1.71,0.14,8.26,12.82,71.62,74.11,0.31
"SC037","VA028","SC037","VA028",NA,73.11,73.14,0.15,5.22,0.46,69.14,77.06,7.86,9.52,0.37,"SC037","VA028",NA,8.69,8.71,0.1,1.72,0.16,6.45,10.99,71.76,74.6,0.37
"SC037","VA029","SC037","VA029",NA,70.74,70.81,0.17,6.27,0.67,66.53,75.2,7.91,8.2,0.07,"SC037","VA029",NA,8.08,8.1,0.08,1.5,0.12,5.95,10.22,70.4,71.05,0.07
"SC037","VA031","SC037","VA031",NA,73.14,73.18,0.19,6.44,0.61,68.78,77.6,9.15,10.83,0.39,"SC037","VA031",NA,9.97,9.97,0.07,1.76,0.2,7.64,12.24,71.45,74.83,0.39
"SC037","VA157","SC037","VA157",NA,72.79,72.79,0.17,5.2,0.46,68.86,76.73,8.78,9.38,0.17,"SC037","VA157",NA,9.05,9.04,0.07,1.58,0.12,6.9,11.28,72.06,73.36,0.17
"TX017","TX018","TX017","TX018",72.45,67.82,67.82,0.12,5.3,0.51,63.82,71.8,10.27,10.67,0.09,"TX017","TX018",NA,10.41,10.39,0.08,1.47,0.1,8.28,12.48,67.48,68.09,0.09
"TX017","TX021","TX017","TX021",73.21,69.13,69.19,0.16,4.69,0.44,65.43,72.96,11.82,12.97,0.21,"TX017","TX021",NA,12.37,12.37,0.1,2.17,0.23,9.82,14.89,68.45,69.93,0.21
"TX017","TX023","TX017","TX023",77.41,70.2,70.22,0.18,5.16,0.51,66.26,74.15,10.71,11.32,0.14,"TX017","TX023",NA,10.99,11.02,0.08,1.8,0.15,8.67,13.33,69.59,70.64,0.14
"TX017","VA028","TX017","VA028",NA,70.6,70.57,0.15,4.27,0.44,66.96,74.1,8.38,9.95,0.3,"TX017","VA028",NA,9.17,9.21,0.11,2.35,0.26,6.56,11.85,69.47,71.7,0.3
"TX017","VA029","TX017","VA029",NA,68.22,68.24,0.18,5.18,0.45,64.27,72.17,8.69,8.49,-0.05,"TX017","VA029",NA,8.56,8.59,0.07,2.17,0.26,6.02,11.15,68.46,68.02,-0.05
"TX017","VA031","TX017","VA031",NA,70.63,70.61,0.19,6.24,0.75,66.25,74.96,9.87,10.99,0.21,"TX017","VA031",NA,10.45,10.45,0.09,2.03,0.18,7.94,12.91,69.76,71.51,0.21
"TX017","VA157","TX017","VA157",NA,70.28,70.25,0.17,4.39,0.51,66.55,73.82,9.54,9.57,0,"TX017","VA157",NA,9.53,9.53,0.09,1.53,0.11,7.38,11.71,70.1,70.19,0
"TX018","TX021","TX018","TX021",75.51,69.28,69.32,0.13,6.89,0.63,64.76,73.81,12.13,13.06,0.2,"TX018","TX021",NA,12.59,12.6,0.09,1.75,0.17,10.34,14.89,68.57,70.15,0.2
"TX018","TX023","TX018","TX023",79.71,70.35,70.37,0.2,7.81,0.81,65.44,75.17,10.81,11.75,0.22,"TX018","TX023",NA,11.21,11.25,0.09,1.77,0.15,8.94,13.54,69.39,71.5,0.22
"TX018","VA028","TX018","VA028",NA,70.74,70.72,0.17,5.71,0.54,66.53,74.8,9.15,9.81,0.16,"TX018","VA028",NA,9.39,9.44,0.09,2.21,0.26,6.88,12.01,70.05,71.31,0.16
"TX018","VA029","TX018","VA029",NA,68.37,68.39,0.16,4.96,0.46,64.48,72.23,8.3,9.31,0.23,"TX018","VA029",NA,8.79,8.81,0.09,1.89,0.24,6.42,11.19,67.44,69.47,0.23
"TX018","VA031","TX018","VA031",NA,70.78,70.76,0.19,6.9,0.71,66.18,75.3,10.09,11.32,0.27,"TX018","VA031",NA,10.67,10.69,0.09,1.97,0.17,8.23,13.09,69.59,71.84,0.27
"TX018","VA157","TX018","VA157",NA,70.43,70.41,0.15,5.73,0.67,66.28,74.51,9.58,10.13,0.11,"TX018","VA157",NA,9.75,9.76,0.08,1.46,0.1,7.67,11.84,70.02,70.77,0.11
"TX021","TX023","TX021","TX023",80.48,71.66,71.62,0.17,3.92,0.31,68.2,75.05,13.45,12.92,-0.14,"TX021","TX023",NA,13.18,13.21,0.07,1.08,0.12,11.41,15.01,72.18,71.19,-0.14
"TX021","VA028","TX021","VA028",NA,72.05,72,0.14,4.47,0.38,68.34,75.69,11.25,11.55,0.07,"TX021","VA028",NA,11.36,11.39,0.09,1.94,0.16,8.97,13.84,71.79,72.25,0.07
"TX021","VA029","TX021","VA029",NA,69.68,69.64,0.18,6.29,0.64,65.26,74.03,10.54,10.98,0.06,"TX021","VA029",NA,10.75,10.78,0.11,2.82,0.31,7.84,13.68,69.41,69.78,0.06
"TX021","VA031","TX021","VA031",NA,72.08,72.02,0.14,4.61,0.39,68.27,75.72,12.16,13.04,0.19,"TX021","VA031",NA,12.64,12.64,0.07,1.6,0.12,10.42,14.83,71.35,72.82,0.19
"TX021","VA157","TX021","VA157",NA,71.73,71.67,0.16,3.82,0.41,68.29,75.09,11.69,11.7,0.01,"TX021","VA157",NA,11.71,11.72,0.1,2.39,0.18,8.99,14.33,71.73,71.63,0.01
"TX023","VA028","TX023","VA028",NA,73.13,73.1,0.14,4.27,0.45,69.5,76.69,9.36,10.66,0.3,"TX023","VA028",NA,9.98,9.98,0.08,1.53,0.14,7.85,12.14,71.97,74.13,0.3
"TX023","VA029","TX023","VA029",NA,70.75,70.76,0.2,6.1,0.74,66.49,75.06,8.72,9.96,0.25,"TX023","VA029",NA,9.37,9.36,0.1,2.09,0.18,6.86,11.85,69.67,71.82,0.25
"TX023","VA031","TX023","VA031",NA,73.16,73.12,0.15,4.81,0.48,69.34,76.92,10.54,11.97,0.35,"TX023","VA031",NA,11.26,11.24,0.08,1.4,0.14,9.2,13.35,71.77,74.35,0.35
"TX023","VA157","TX023","VA157",NA,72.81,72.77,0.2,4.54,0.46,69.08,76.43,9.43,11.17,0.35,"TX023","VA157",NA,10.33,10.31,0.1,1.96,0.17,7.86,12.71,71.44,73.93,0.35
"VA028","VA029","VA028","VA029",NA,71.15,71.16,0.16,3.98,0.29,67.72,74.61,6.86,8.17,0.27,"VA028","VA029",NA,7.55,7.52,0.11,2.04,0.21,5.03,10.02,70.35,72.07,0.27
"VA028","VA031","VA028","VA031",NA,73.55,73.53,0.11,2.96,0.33,70.54,76.53,8.95,9.82,0.2,"VA028","VA031",NA,9.44,9.41,0.07,1.52,0.16,7.25,11.52,72.78,74.02,0.2
"VA028","VA157","VA028","VA157",NA,73.2,73.2,0.15,3.47,0.32,69.94,76.4,7.84,9.14,0.23,"VA028","VA157",NA,8.51,8.48,0.1,2.51,0.21,5.72,11.21,72.48,73.9,0.23
"VA029","VA031","VA029","VA031",NA,71.18,71.13,0.13,5.23,0.59,67.13,75.06,8.37,9.41,0.21,"VA029","VA031",NA,8.83,8.82,0.1,1.84,0.18,6.47,11.17,70.27,71.9,0.21
"VA029","VA157","VA029","VA157",NA,70.83,70.8,0.11,4.46,0.44,67.13,74.45,7.91,8.06,0.03,"VA029","VA157",NA,7.91,7.89,0.07,1.47,0.14,5.78,9.97,70.68,70.91,0.03
"VA031","VA157","VA031","VA157",NA,73.24,73.24,0.13,2.9,0.38,70.26,76.17,9.46,10.13,0.18,"VA031","VA157",NA,9.8,9.8,0.08,1.21,0.1,7.9,11.7,72.72,73.8,0.18
